Source,Language,Date,Branch,Region,Sessions,Event Name,Program Type,Public Event?,Volunteer Assisted?,Tags,Event Type,Hours,Tech?,Virtual?,Attendance,Audience Age,Older Adults?,Health and Wellness?,Business and Career?,EventSponsor,UniqueProgramID,Location,ESOL Flag (internal),School,Instructor,Comments,Group Category,Group Name,Participating Branch,Live Attendance,VideoViews,Branch blending,One on one program?,Outreach Type:,Zip code for comm health,Start time,Completion time,Program Area,Row to remove,Hybrid,High Profile,Vehicle,CHO ID,Interpretation Offered
Calendar of Events,English,7/8/2026 7:30:00 AM,East Flatbush,Flatbush,1,Meeting Room Reservation,Passive Programs,No,No,,Meeting Room,2,No,No,1,Adults,No,No,No,,835989,"East Flatbush, Meeting Room 2",No,,,,Group,East Flatbush Library Patrons,,1,0,East Flatbush,"No, not a one-on-one",,,,,,,0,0,0,,
Calendar of Events,English,7/8/2026 7:30:00 AM,East Flatbush,Flatbush,1,Meeting Room Reservation,Passive Programs,No,No,,Meeting Room,1.5,No,No,1,Adults,No,No,No,,835991,"East Flatbush, Meeting Room 2",No,,,,Group,East Flatbush Library Patrons,,1,0,East Flatbush,"No, not a one-on-one",,,,,,,0,0,0,,
Calendar of Events,English,7/8/2026 10:30:00 AM,East Flatbush,Flatbush,1,Meeting Room Reservation,Passive Programs,No,No,,Meeting Room,2,No,No,1,Adults,No,No,No,,835990,"East Flatbush, Meeting Room 1",No,,,,Group,East Flatbush Library Patrons,,1,0,East Flatbush,"No, not a one-on-one",,,,,,,0,0,0,,
Calendar of Events,English,7/8/2026 12:30:00 PM,East Flatbush,Flatbush,1,Meeting Room Reservation,Passive Programs,No,No,,Meeting Room,1,No,No,1,Adults,No,No,No,,835994,"East Flatbush, Meeting Room 2",No,,,,Group,East Flatbush Library Patrons,,1,0,East Flatbush,"No, not a one-on-one",,,,,,,0,0,0,,
Calendar of Events,English,7/8/2026 10:00:00 AM,Midwood,Kings Highway,1,Outreach:   Our Tent(Family Enrichment Center),Adult Education,No,No,,Outreach,3,No,No,6,Adults,No,No,No,,835439,Midwood Library,No,,Midwood Staff,,Community Center,Our Tent : Family Enrichment Center,,6,0,Midwood,"No, not a one-on-one",,,,,,,0,0,0,,
Calendar of Events,English,7/8/2026 7:00:00 AM,Stone Avenue,New Lots,1,Heritage Human Services Crafts and Movies,"Dance, Music, Movies, & Performance",No,No,,Program,1,No,No,10,Adults,No,No,No,,834551,Stone Avenue Library,No,,,,,,,10,0,Stone Avenue,"No, not a one-on-one",,,,,,,0,0,0,,
Calendar of Events,English,7/8/2026 7:00:00 AM,Flatlands,Flatbush,1,Storytime,Story times,Yes,Yes,"first five years, story play, storytime",Program,1,No,No,30,BirthToFiveYears,No,No,No,,814451,Flatlands Library,No,,Dayana Morales Gomez,,,,,30,0,Flatlands,"No, not a one-on-one",,,,,,,0,0,0,,
Calendar of Events,English,7/8/2026 9:00:00 AM,New Utrecht,New Utrecht,1,Free Summer Meals,Health & Wellness,Yes,Yes,"free summer meals, summer meals",Program,1,No,No,20,Kids,No,No,No,,830779,"New Utrecht, J Meeting Room",No,,Abim Ettu,,,,,20,0,New Utrecht,"No, not a one-on-one",,,,,,,0,0,0,,
Calendar of Events,English,7/8/2026 11:00:00 AM,New Utrecht,New Utrecht,1,Reading Coach,Juv & YA Education,Yes,Yes,"after school, homework help",Program,2,No,No,2,Kids,No,No,No,Volunteer Resources,833043,New Utrecht Library,No,,Tom Huang,,,,,2,0,New Utrecht,"No, not a one-on-one",,,,,,,0,0,0,,
Calendar of Events,English,7/8/2026 2:00:00 PM,"Central, Info Commons",Central,1,English Conversation Group,Adult Education,Yes,No,"adult learning, conversations, english conversation group, Immigrant Services",Program,2,No,No,8,Adults,No,No,No,Volunteer Resources,831759,"Central Library, Info Commons, Room 7",Yes,,,,,,,8,0,"Central, Info Commons","No, not a one-on-one",,,,,,,0,0,0,,
Calendar of Events,English,7/8/2026 11:30:00 AM,Greenpoint,Crown Heights,1,Free English Class (We Speak NYC),Adult Education,Yes,No,"adult learning, ESOL, Immigrant Services, WeSpeakNYC",Program,2,No,No,3,Adults,No,No,No,,833294,Greenpoint Library,Yes,,Raad Rahman,,,,,3,0,Greenpoint,"No, not a one-on-one",,,,,,,0,0,0,,
Calendar of Events,English,7/8/2026 7:00:00 AM,Cortelyou,Flatbush,1,Free English Class (We Speak NYC),Reading & Writing,Yes,No,"adult learning, ESOL, Immigrant Services, WeSpeakNYC",Program,2,No,No,10,Adults,No,No,No,,833436,"Cortelyou, Meeting Room",Yes,,Roja,,,,,10,0,Cortelyou,"No, not a one-on-one",,,,,,,0,0,0,,
Salesforce,,7/8/2026 12:00:00 AM,New Lots Learning Center,New Lots,1,Adult Basic Education,Adult Education,No,No,"Adult Learning, Learning Center, Small Group, ABE",Program,2,No,No,2,Adults,No,No,No,Adult Learning,,,No,,,,,,,0,0,New Lots,"No, not a one-on-one",,,,,,,,,,,
Salesforce,,7/8/2026 12:00:00 AM,New Lots Learning Center,New Lots,1,Adult Basic Education,Adult Education,No,No,"Adult Learning, Learning Center, Small Group, ABE",Program,2,No,No,2,Adults,No,No,No,Adult Learning,,,No,,,,,,,0,0,New Lots,"No, not a one-on-one",,,,,,,,,,,
Salesforce,,7/8/2026 12:00:00 AM,New Lots Learning Center,New Lots,1,Adult Basic Education/Adult Secondary Education,Adult Education,No,No,"Adult Learning, Learning Center, Small Group, LRN CIR",Program,2,No,No,5,Adults,No,No,No,Adult Learning,,,No,,,,,,,0,0,New Lots,"No, not a one-on-one",,,,,,,,,,,
Calendar of Events,English,7/8/2026 6:00:00 AM,Gerritsen Beach,Kings Highway,1,The Cycle Alliance's Period Pantry at Gerritsen Beach!,Parent / Caregiver Workshop,Yes,No,"Cycle Alliance, health and wellness, mental health, teen time",Program,7,No,No,0,Teens,No,Yes,No,,832134,Gerritsen Beach Library,No,,,,,,,0,0,Gerritsen Beach,"No, not a one-on-one",,,,,,,0,0,0,,
Calendar of Events,English,7/8/2026 6:00:00 AM,McKinley Park,New Utrecht,1,Period and Personal Care Pantry at McKinley Park,Passive Programs,Yes,No,"Bklyn Incubator, Cycle Alliance, health and wellness, teen time",Program,8,No,No,4,Teens,No,Yes,No,,827823,McKinley Park Library,No,,,,,,,4,0,McKinley Park,"No, not a one-on-one",,,,,,,0,0,0,,
Calendar of Events,English,7/8/2026 6:00:00 AM,Brooklyn Heights,Park Slope,1,The Cycle Alliance's Period Pantry at Brooklyn Heights!,Health & Wellness,Yes,No,"Cycle Alliance, health and wellness, mental health, teen time",Program,7,No,No,5,Teens,No,Yes,No,,829470,"Brooklyn Heights Library, Gaming Room",No,,Shamima Sharmin,,,,Brooklyn Heights Library,5,0,Brooklyn Heights,"No, not a one-on-one",,,,,,,0,0,0,,
Calendar of Events,English,7/8/2026 9:30:00 AM,Clarendon,Flatbush,1,Midwood Creative Writing Group @ Clarendon,Reading & Writing,Yes,No,"creative writing, writing workshop",Program,1.5,No,No,5,OlderAdults,Yes,No,No,,833888,"Clarendon, Meeting Room",No,,,,,,,5,0,Clarendon,"No, not a one-on-one",,,,,,,0,0,0,,
Calendar of Events,English,7/8/2026 7:00:00 AM,New Utrecht,New Utrecht,1,"Knit One, Purl One Knitting and Crochet Group","Crafting, Digital Media, Making",Yes,No,"arts and crafts, fiber arts, knitting and crocheting",Program,2,No,No,3,OlderAdults,Yes,No,No,,833063,"New Utrecht, Auditorium",No,,Rocky Simpson,,,,,3,0,New Utrecht,"No, not a one-on-one",,,,,,,0,0,0,,
Calendar of Events,English,7/8/2026 10:00:00 AM,Ulmer Park,New Utrecht,1,Older Adult: Mahjong Lesson,Games,Yes,No,"Chinese, table-top & board games",Program,3,No,No,12,OlderAdults,Yes,No,No,,831484,"Ulmer Park, Meeting Room",No,,Siu Tsang,,,,,12,0,Ulmer Park,"No, not a one-on-one",,,,,,,0,0,0,,
Calendar of Events,English,7/8/2026 8:00:00 AM,Sheepshead Bay,Kings Highway,1,Come meet the JASA representative and learn about the wide range of services for older adults!,Health & Wellness,Yes,No,"benefit assistance, mental health, social services",Program,2,No,No,0,Adults,Yes,Yes,No,,820393,Sheepshead Bay Library,No,,,,,,,0,0,Sheepshead Bay,"No, not a one-on-one",,,,,,,0,0,0,,
Calendar of Events,English,7/8/2026 8:00:00 AM,Kings Highway,Kings Highway,1,Yoga with Nicole and ShapeUp NYC,Health & Wellness,Yes,No,"health and wellness, yoga and meditation",Program,1,No,No,12,OlderAdults,Yes,Yes,No,Older Adults,832590,"Kings Highway, Meeting Room",No,,Nicole with ShapeUp,,,,Kings Highway Library,12,0,Kings Highway,"No, not a one-on-one",,,,,,,0,0,0,,
Calendar of Events,English,7/8/2026 11:00:00 AM,Homecrest,Kings Highway,1,SelfHelp Benefits Tabling,Passive Programs,Yes,No,"adult learning, benefit assistance, Healthy Communities",Program,1,No,No,3,OlderAdults,Yes,Yes,No,,833828,Homecrest Library,No,,Galina,,,,,3,0,Homecrest,"No, not a one-on-one",,,,,,,0,0,0,,
Calendar of Events,"English, Spanish",7/8/2026 7:00:00 AM,Bushwick,Crown Heights,1,Bookmobile @ Bushwick Community Partnership,Passive Programs,Yes,No,"bookmobile, Spanish",Program,4,No,No,67,Adults,No,No,No,Satellite Services,829278,Bushwick Library,No,,Bushwick Staff,,,,Bushwick Library,67,0,Bushwick,"No, not a one-on-one",,,,,,,0,0,1,,
Salesforce,,7/8/2026 12:00:00 AM,Central  Learning Center,Central,1,Adult Basic Education,Adult Education,No,No,"Adult Learning, Learning Center, Small Group, ABE",Program,2,No,No,1,Adults,No,No,No,Adult Learning,,,No,,,,,,,0,0,Central  Learning Center,"No, not a one-on-one",,,,,,,,,,,
Salesforce,,7/8/2026 12:00:00 AM,Bedford Learning Center,Crown Heights,1,Adult Basic Education,Adult Education,No,No,"Adult Learning, Learning Center, Small Group, ABE",Program,2,No,No,5,Adults,No,No,No,Adult Learning,,,No,,,,,,,0,0,Bedford,"No, not a one-on-one",,,,,,,,,,,
Salesforce,,7/8/2026 12:00:00 AM,Bedford Learning Center,Crown Heights,1,Adult Basic Education,Adult Education,No,No,"Adult Learning, Learning Center, Small Group, ABE",Program,2,No,No,1,Adults,No,No,No,Adult Learning,,,No,,,,,,,0,0,Bedford,"No, not a one-on-one",,,,,,,,,,,
Salesforce,,7/8/2026 12:00:00 AM,Bedford Learning Center,Crown Heights,1,Adult Basic Education,Adult Education,No,No,"Adult Learning, Learning Center, Small Group, ABE",Program,2,No,No,0,Adults,No,No,No,Adult Learning,,,No,,,,,,,0,0,Bedford,"No, not a one-on-one",,,,,,,,,,,
Calendar of Events,English,7/8/2026 6:00:00 AM,Ryder,Kings Highway,1,PS 121 Class Visit,Juv & YA Education,No,No,,Visit,1,Yes,No,23,Kids,No,No,No,,834530,Ryder Library,No,P.S. 121 Nelson A. Rockefeller,Damla Bek,,School,,,23,0,Ryder,"No, not a one-on-one",,,,,,,0,0,0,,
Calendar of Events,English,7/8/2026 7:00:00 AM,Crown Heights,Crown Heights,1,Computer Basics,Adult Education,No,No,,Program,1,Yes,No,4,Teens,No,No,No,,834644,"Crown Heights, Teen Tech Center",No,,Kleon Battersby,,,,Crown Heights Library,4,0,Crown Heights,"No, not a one-on-one",,,,,,,0,0,0,,
Calendar of Events,English,7/8/2026 10:10:00 AM,Flatlands,Flatbush,1,Advanced Reference,Adult Education,No,No,,Program,0.4167,Yes,No,1,Adults,No,No,No,,836022,Flatlands Library,No,,Michael Condon,,,,,1,0,Flatlands,"Yes, this is a monthly summary of one-on-one sessions",,,,,,,0,0,0,,
Calendar of Events,English,7/8/2026 7:00:00 AM,Macon,New Lots,1,Computer Basic and Beyond,Adult Education,No,No,techknowledge,Program,1,Yes,No,6,Adults,Yes,No,No,"Connected Communities (NYC-CC), Older Adults, Tech Tools (DASNY)",834748,"Macon, Small Auditorium",No,,Henderson ward,,,,,6,0,Macon,"No, not a one-on-one",,,,,,,0,0,0,,
Calendar of Events,English,7/8/2026 7:00:00 AM,DeKalb,Crown Heights,1,Ask A Tech,Adult Education,No,No,"adult learning, computer basics, techknowledge",Program,1,Yes,No,2,Adults,Yes,No,No,"Connected Communities (NYC-CC), Older Adults, Tech Tools (DASNY)",832306,DeKalb Library,No,,Francisco Corchado,,,,,2,0,DeKalb,"Yes, this session was designed as one-on-one",,,,,,,0,0,0,,
Calendar of Events,English,7/8/2026 6:00:00 AM,Central,Central,1,Neighborhood Tech Help,Adult Education,No,No,"computer basics, techknowledge",Outreach,7,Yes,No,4,OlderAdults,Yes,No,No,Neighborhood Tech Help,833738,Central Library,No,,,,Nursing Home/Senior Center,Marlboro Senior Center,,4,0,Central,"Yes, this session was designed as one-on-one",,,,,,,0,0,0,,
Calendar of Events,English,7/8/2026 6:15:00 AM,Sheepshead Bay,Kings Highway,1,One on One Technology Training,Adult Education,No,No,,Program,0.75,Yes,No,1,OlderAdults,Yes,No,No,,835512,Sheepshead Bay Library,No,,T Thompson,,,,,1,0,Sheepshead Bay,"Yes, this session was designed as one-on-one",,,,,,,0,0,0,,
Calendar of Events,English,7/8/2026 12:00:00 PM,Washington Irving,Crown Heights,1,LEGO Robotics,Juv & YA Education,No,Yes,"computer programming, lego robotics, techknowledge",Program,1.5,Yes,No,3,Teens,No,No,No,"Connected Communities (NYC-CC), Tech Tools (DASNY)",818374,"Washington Irving, Auditorium",No,,Chris Cotton and Jessica Mirabile,,,,Washington Irving Library,3,0,Washington Irving,"No, not a one-on-one",,,,,,,0,0,0,,
Calendar of Events,English,7/8/2026 10:30:00 AM,Sunset Park,New Utrecht,1,Notary Reservation,Civic Engagement & Rights,No,No,,Program,0.25,No,No,1,Adults,No,No,No,ONS,695D61A1,Sunset Park,No,,,,,,,1,0,Sunset Park,"No, not a one-on-one",,,,,,,,,,,
Calendar of Events,English,7/8/2026 2:00:00 PM,Sunset Park,New Utrecht,1,Notary Reservation,Civic Engagement & Rights,No,No,,Program,0.25,No,No,1,Adults,No,No,No,ONS,CFC8953F,Sunset Park,No,,,,,,,1,0,Sunset Park,"No, not a one-on-one",,,,,,,,,,,
Calendar of Events,English,7/8/2026 3:00:00 PM,Williamsburgh,Park Slope,1,Notary Reservation,Civic Engagement & Rights,No,No,,Program,0.25,No,No,1,Adults,No,No,No,ONS,4EED20AD,Williamsburgh,No,,,,,,,1,0,Williamsburgh,"No, not a one-on-one",,,,,,,,,,,
Calendar of Events,English,7/8/2026 7:00:00 AM,Kensington,Kings Highway,1,Ask a Tech,Adult Education,Yes,No,"adult learning, computer basics, summer reading, techknowledge",Program,1,Yes,No,3,Adults,No,No,No,,827837,Kensington Library,No,,N.Shulga-trs,,,,,3,0,Kensington,"Yes, this session was designed as one-on-one",,,,,,,0,0,0,,
Calendar of Events,English,7/8/2026 9:00:00 AM,Cypress Hills,New Lots,1,Neighborhood Tech Help,Adult Education,Yes,No,"computer basics, techknowledge",Program,4,Yes,No,0,Adults,No,No,No,Neighborhood Tech Help,833756,Cypress Hills Library,No,,,,,,,0,0,Cypress Hills,"Yes, this session was designed as one-on-one",,,,,,,0,0,0,,
Calendar of Events,English,7/8/2026 10:00:00 AM,Saratoga,New Lots,1,Android Phone Basic,Adult Education,Yes,No,"adult learning, techknowledge",Program,1,Yes,No,1,Adults,No,No,No,"Connected Communities (NYC-CC), Tech Tools (DASNY)",813151,"Saratoga, Meeting Room",No,,Shawn Campbell,,,,,1,0,Saratoga,"Yes, this session was designed as one-on-one",,,,,,,0,0,0,,
Calendar of Events,English,7/8/2026 7:30:00 AM,Brooklyn Heights,Park Slope,1,Ask A Tech,Adult Education,Yes,No,"adult learning, computer basics, techknowledge",Program,1,Yes,No,5,Adults,No,No,No,,818673,"Brooklyn Heights Library, Gaming Room",No,,Yvette Blocker,,,,,5,0,Brooklyn Heights,"Yes, this session was designed as one-on-one",,,,,,,0,0,0,,
Calendar of Events,English,7/8/2026 7:00:00 AM,Pacific,Park Slope,1,Ask‑A‑Tech: One-on-One Technology Help,Adult Education,Yes,No,"computer basics, computer programming, techknowledge",Program,1,Yes,No,1,Adults,No,No,No,,834441,"Pacific, Basement Meeting Room",No,,ATorres,,,,,1,0,Pacific,"Yes, this session was designed as one-on-one",,,,,,,0,0,0,,
Calendar of Events,"English, Spanish",7/8/2026 10:00:00 AM,Park Slope,Park Slope,1,Ask A Tech: By Appointment (Park Slope),Adult Education,Yes,No,"adult learning, computer basics, techknowledge",Program,0.5,Yes,No,0,Adults,No,No,No,,833500,Park Slope Library,No,,Luzbel Zheng,,,,,0,0,Park Slope,"Yes, this session was designed as one-on-one",,,,,,,0,0,0,,
Calendar of Events,"English, Spanish",7/8/2026 10:30:00 AM,Park Slope,Park Slope,1,Ask A Tech: By Appointment (Park Slope),Adult Education,Yes,No,"adult learning, computer basics, techknowledge",Program,0.5,Yes,No,0,Adults,No,No,No,,833515,Park Slope Library,No,,Luzbel Zheng,,,,,0,0,Park Slope,"Yes, this session was designed as one-on-one",,,,,,,0,0,0,,
Calendar of Events,English,7/8/2026 11:00:00 AM,"Central, B&CC",Central,1,Digital Skills & AI Literacy: Info Session,Career & Prof Dev,Yes,No,"adult learning, AI and emerging technologies, business, career, small business",Program,1.5,Yes,No,10,Adults,No,No,Yes,"Business & Career Center, DSAIL grant",829973,"Central Library, Business & Career Center, Event Room",No,,Chris Ludvigsen & Tyler Williams,,,,,10,0,"Central, B&CC","No, not a one-on-one",,,,,,,0,0,0,,
Calendar of Events,English,7/8/2026 10:00:00 AM,"Central, B&CC",Central,1,Tech Help for Your Job Search,Career & Prof Dev,Yes,No,"business, career, computer basics, resume",Program,2,Yes,No,1,Adults,No,No,Yes,Business & Career Center,818920,"Central Library, Business & Career Center, Classroom",No,,Wendy and Raphael,,,,Central Library,1,0,"Central, B&CC","Yes, this session was designed as one-on-one",,,,,,,0,0,0,,
Calendar of Events,English,7/8/2026 7:00:00 AM,Rugby,Flatbush,1,Library Lanes: Virtual Bowling for Older Adults,Career & Prof Dev,Yes,No,"techknowledge, video games",Program,1,Yes,No,3,OlderAdults,Yes,No,Yes,,831549,"Rugby, Meeting Room",No,,N. McRae,,,,,3,0,Rugby,"No, not a one-on-one",,,,,,,0,0,0,,
Calendar of Events,"English, Spanish",7/8/2026 9:00:00 AM,Sunset Park,New Utrecht,1,Ask A Tech [English & Spanish],Adult Education,Yes,Yes,"adult learning, computer basics, techknowledge",Program,1,Yes,No,5,OlderAdults,Yes,No,No,,832292,Sunset Park Library,No,,Donato Huertero,,,,Sunset Park Library,5,0,Sunset Park,"No, not a one-on-one",,,,,,,0,0,0,,
Calendar of Events,English,7/8/2026 6:00:00 AM,"Central, Info Commons",Central,1,English Conversation Group,Adult Education,Yes,No,"adult learning, conversations, english conversation group, Immigrant Services",Program,2,Yes,No,9,Adults,No,No,No,Volunteer Resources,831740,"Central Library, Info Commons, Room 4",Yes,,,,,,,9,0,"Central, Info Commons","No, not a one-on-one",,,,,,,0,0,0,,
Calendar of Events,English,7/8/2026 12:00:00 PM,Ryder,Kings Highway,1,Virtual English Conversation Group,Adult Education,Yes,Yes,"adult learning, conversations, english conversation group, Immigrant Services, Virtual Programming",Program,1,Yes,Yes,7,Adults,No,No,No,"Adult Learning, Volunteer Resources",828381,Ryder Library,Yes,,Enid Myers,,,,,7,0,Ryder,"No, not a one-on-one",,,,,,,0,0,0,,
Calendar of Events,English,7/8/2026 10:30:00 AM,Brooklyn Heights,Park Slope,1,Public Reservation,,No,No,,Meeting Room,1.5,No,No,1,Adults,No,No,No,,6a4d135b428f9643108825,"Brooklyn Heights, Pineapple Meeting Room",No,,,Meeting and study,,,,1,0,Brooklyn Heights,"No, not a one-on-one",,,,,,,,,,,
Calendar of Events,English,7/8/2026 11:00:00 AM,Brooklyn Heights,Park Slope,1,Public Reservation,,No,No,,Meeting Room,1,No,No,1,Adults,No,No,No,,6a4e5cf5c9d15643984776,"Brooklyn Heights, Orange Meeting Room",No,,,Zoom,,,,1,0,Brooklyn Heights,"No, not a one-on-one",,,,,,,,,,,
Calendar of Events,English,7/8/2026 12:00:00 PM,Brooklyn Heights,Park Slope,1,Public Reservation,,No,No,,Meeting Room,2,No,No,1,Adults,No,No,No,,6a49219835fc8864431430,"Brooklyn Heights, Orange Meeting Room",No,,,Virtual meetings,,,,1,0,Brooklyn Heights,"No, not a one-on-one",,,,,,,,,,,
Calendar of Events,English,7/8/2026 1:30:00 PM,Brooklyn Heights,Park Slope,1,Public Reservation,,No,No,,Meeting Room,2,No,No,3,Adults,No,No,No,,6a4be1114d12c335684194,"Brooklyn Heights, Cranberry Meeting Room",No,,,Play reading,,,,3,0,Brooklyn Heights,"No, not a one-on-one",,,,,,,,,,,
Calendar of Events,English,7/8/2026 2:30:00 PM,Brooklyn Heights,Park Slope,1,Public Reservation,,No,No,,Meeting Room,2,No,No,1,Adults,No,No,No,,6a32c42349e52479707299,"Brooklyn Heights, Pineapple Meeting Room",No,,,heads down work,,,,1,0,Brooklyn Heights,"No, not a one-on-one",,,,,,,,,,,
Calendar of Events,English,7/8/2026 3:30:00 PM,Brooklyn Heights,Park Slope,1,Public Reservation,,No,No,,Meeting Room,2,No,No,3,Adults,No,No,No,,6a4be2843400b427973630,"Brooklyn Heights, Cranberry Meeting Room",No,,,Play reading,,,,3,0,Brooklyn Heights,"No, not a one-on-one",,,,,,,,,,,
Calendar of Events,English,7/8/2026 2:30:00 PM,Clinton Hill,Park Slope,1,Public Reservation,,No,No,,Meeting Room,2,No,No,1,Adults,No,No,No,,6a4bef5febc2d968250882,"Clinton Hill, Meeting Room",No,,,study,,,,1,0,Clinton Hill,"No, not a one-on-one",,,,,,,,,,,
Calendar of Events,English,7/8/2026 10:30:00 AM,Park Slope,Park Slope,1,Public Reservation,,No,No,,Meeting Room,3,No,No,3,Adults,No,No,No,,6a3abea40d123540989176,"Park Slope, Meeting Room",No,,,CPSE Speech Evaluation,,,,3,0,Park Slope,"No, not a one-on-one",,,,,,,,,,,
Calendar of Events,English,7/8/2026 2:00:00 PM,Park Slope,Park Slope,1,Public Reservation,,No,No,,Meeting Room,3,No,No,4,Adults,No,No,No,,6a4cf180e5cc8353456330,"Park Slope, Meeting Room",No,,,writing group,,,,4,0,Park Slope,"No, not a one-on-one",,,,,,,,,,,
Calendar of Events,English,7/8/2026 10:30:00 AM,DeKalb,Crown Heights,1,Notary Reservation,Civic Engagement & Rights,No,No,,Program,0.25,No,No,1,Adults,No,No,No,ONS,7F77F38A,DeKalb,No,,,,,,,1,0,DeKalb,"No, not a one-on-one",,,,,,,,,,,
Calendar of Events,English,7/8/2026 11:45:00 AM,DeKalb,Crown Heights,1,Notary Reservation,Civic Engagement & Rights,No,No,,Program,0.25,No,No,1,Adults,No,No,No,ONS,BAB1217A,DeKalb,No,,,,,,,1,0,DeKalb,"No, not a one-on-one",,,,,,,,,,,
Calendar of Events,English,7/8/2026 11:45:00 AM,Flatlands,Flatbush,1,Notary Reservation,Civic Engagement & Rights,No,No,,Program,0.25,No,No,1,Adults,No,No,No,ONS,98F5010F,Flatlands,No,,,,,,,1,0,Flatlands,"No, not a one-on-one",,,,,,,,,,,
Calendar of Events,English,7/8/2026 3:00:00 PM,Flatlands,Flatbush,1,Notary Reservation,Civic Engagement & Rights,No,No,,Program,0.25,No,No,1,Adults,No,No,No,ONS,5AE4912C,Flatlands,No,,,,,,,1,0,Flatlands,"No, not a one-on-one",,,,,,,,,,,
Calendar of Events,English,7/8/2026 10:30:00 AM,Adams Street,Park Slope,1,Public Reservation,,No,No,,Meeting Room,1.5,No,No,1,Adults,No,No,No,,6a4e539db233b845363059,"Adams Street, Small Meeting Room",No,,,meeting,,,,1,0,Adams Street,"No, not a one-on-one",,,,,,,,,,,
Calendar of Events,English,7/8/2026 1:00:00 PM,Adams Street,Park Slope,1,Public Reservation,,No,No,,Meeting Room,2,No,No,1,Adults,No,No,No,,6a4e5c42a5bfd437682279,"Adams Street, Small Meeting Room",No,,,,,,,1,0,Adams Street,"No, not a one-on-one",,,,,,,,,,,
Calendar of Events,English,7/8/2026 3:00:00 PM,Adams Street,Park Slope,1,Public Reservation,,No,No,,Meeting Room,2,No,No,4,Adults,No,No,No,,6a356b3b08222201241472,"Adams Street, Small Meeting Room",No,,,Riverside Sessions,,,,4,0,Adams Street,"No, not a one-on-one",,,,,,,,,,,
Calendar of Events,English,7/8/2026 11:00:00 AM,Ryder,Kings Highway,1,Public Reservation,,No,No,,Meeting Room,0.5,No,No,1,Adults,No,No,No,,6a47c7a4ebf16856185863,"Ryder, Program Room",No,,,Remote Job Interview,,,,1,0,Ryder,"No, not a one-on-one",,,,,,,,,,,
Calendar of Events,English,7/8/2026 1:00:00 PM,Ryder,Kings Highway,1,Public Reservation,,No,No,,Meeting Room,1.5,No,No,1,Adults,No,No,No,,6a47c80808905567928512,"Ryder, Program Room",No,,,Remote Interview Part 2,,,,1,0,Ryder,"No, not a one-on-one",,,,,,,,,,,
Calendar of Events,English,7/8/2026 1:00:00 PM,Sunset Park,New Utrecht,1,Public Reservation,,No,No,,Meeting Room,1,No,No,2,Adults,No,No,No,,6a43e3da89d0f746022337,"Sunset Park, Meeting Room 2",No,,,"I work in Sunset Park but I live in Harlem and the only availability that my therapist has is this time and I don't have a quiet, private space at work where I could take the call, so I thought about the library. Would this be okay?",,,,2,0,Sunset Park,"No, not a one-on-one",,,,,,,,,,,
Calendar of Events,English,7/8/2026 10:30:00 AM,Greenpoint,Crown Heights,1,Public Reservation,,No,No,,Meeting Room,2,No,No,8,Adults,No,No,No,,6a3e72208faf6905334152,"Greenpoint, Walnut Meeting Room",No,,,Counseling college applicants on their application.,,,,8,0,Greenpoint,"No, not a one-on-one",,,,,,,,,,,
Calendar of Events,English,7/8/2026 12:30:00 PM,Greenpoint,Crown Heights,1,Public Reservation,,No,No,,Meeting Room,0.5,No,No,1,Adults,No,No,No,,6a452ba423afa636990084,"Greenpoint, Meeting Room",No,,,Writing/drafting,,,,1,0,Greenpoint,"No, not a one-on-one",,,,,,,,,,,
Calendar of Events,English,7/8/2026 1:30:00 PM,Clarendon,Flatbush,1,Public Reservation,,No,No,,Meeting Room,1.5,No,No,21,Adults,No,No,No,,6a3d77bba5d2c807448841,"Clarendon, Meeting Room",No,,,Midwood Writing Group,,,,21,0,Clarendon,"No, not a one-on-one",,,,,,,,,,,
Calendar of Events,English,7/8/2026 1:30:00 PM,East Flatbush,Flatbush,1,Public Reservation,,No,No,,Meeting Room,2,No,No,1,Adults,No,No,No,,6a4543729a56f153085331,"East Flatbush, Meeting Room 2",No,,,Conference call,,,,1,0,East Flatbush,"No, not a one-on-one",,,,,,,,,,,
Calendar of Events,English,7/8/2026 3:30:00 PM,Flatbush,Flatbush,1,Public Reservation,,No,No,,Meeting Room,1.5,No,No,30,Adults,No,No,No,,6a2c7cfa5f0d9652897792,"Flatbush, Large Meeting Room",No,,,"The Launch of Myo the Chair: lesson  from there barbershop ,botherhoood and the making of man. By Rev. Patrick  A. Sands",,,,30,0,Flatbush,"No, not a one-on-one",,,,,,,,,,,
Calendar of Events,English,7/8/2026 12:00:00 PM,Rugby,Flatbush,1,Public Reservation,,No,No,,Meeting Room,1,No,No,3,Adults,No,No,No,,6a4e73936acc3982353998,"Rugby, Small Conference Room",No,,,Courtesy same-day reservation,,,,3,0,Rugby,"No, not a one-on-one",,,,,,,,,,,
Calendar of Events,English,7/8/2026 1:30:00 PM,Rugby,Flatbush,1,Public Reservation,,No,No,,Meeting Room,1,No,No,4,Adults,No,No,No,,6a4d3791b4842135851854,"Rugby, Small Conference Room",No,,,special instruction educational for children,,,,4,0,Rugby,"No, not a one-on-one",,,,,,,,,,,
Calendar of Events,English,7/8/2026 10:30:00 AM,Brower Park,Crown Heights,1,Public Reservation,,No,No,,Meeting Room,2,No,No,2,Adults,No,No,No,,6a4e35846c536110751304,"Brower Park, Meeting/Auditorium Room",No,,,Co-working,,,,2,0,Brower Park,"No, not a one-on-one",,,,,,,,,,,
Calendar of Events,English,7/8/2026 3:00:00 PM,Brower Park,Crown Heights,1,Public Reservation,,No,No,,Meeting Room,2,No,No,3,Adults,No,No,No,,6a45d4432e047087638004,"Brower Park, Meeting/Auditorium Room",No,,,Tutoring,,,,3,0,Brower Park,"No, not a one-on-one",,,,,,,,,,,
Calendar of Events,English,7/8/2026 12:00:00 PM,"Central, Info Commons",Central,1,Public Reservation,,No,No,,Meeting Room,1.25,No,No,2,Adults,No,No,No,,6a4e73375b028609022468,"Central Library, Info Commons, Room 2",No,,,,,,,2,0,"Central, Info Commons","No, not a one-on-one",,,,,,,,,,,
Calendar of Events,English,7/8/2026 12:00:00 PM,"Central, Info Commons",Central,1,Public Reservation,,No,No,,Meeting Room,3,No,No,1,Adults,No,No,No,,6a33cb1016235189463248,"Central Library, Info Commons, Room 1",No,,,I’m a musician and would like to record music,,,,1,0,"Central, Info Commons","No, not a one-on-one",,,,,,,,,,,
Calendar of Events,English,7/8/2026 12:00:00 PM,"Central, Info Commons",Central,1,Public Reservation,,No,No,,Meeting Room,1.5,No,No,8,Adults,No,No,No,,6a46c5b4a5abc678687907,"Central Library, Info Commons, Room 4",No,,,Class,,,,8,0,"Central, Info Commons","No, not a one-on-one",,,,,,,,,,,
Calendar of Events,English,7/8/2026 12:00:00 PM,"Central, Info Commons",Central,1,Public Reservation,,No,No,,Meeting Room,1.5,No,No,6,Adults,No,No,No,,6a46c75353fbd087090013,"Central Library, Info Commons, Room 3",No,,,Class,,,,6,0,"Central, Info Commons","No, not a one-on-one",,,,,,,,,,,
Calendar of Events,English,7/8/2026 1:15:00 PM,"Central, Info Commons",Central,1,Public Reservation,,No,No,,Meeting Room,0.25,No,No,1,Adults,No,No,No,,6a4bd1d885b0a981735188,"Central Library, Info Commons, Room 2",No,,,Job interview,,,,1,0,"Central, Info Commons","No, not a one-on-one",,,,,,,,,,,
Calendar of Events,English,7/8/2026 1:45:00 PM,"Central, Info Commons",Central,1,Public Reservation,,No,No,,Meeting Room,0.25,No,No,2,Adults,No,No,No,,6a4e6772e0387821181819,"Central Library, Info Commons, Room 5",No,,,Work,,,,2,0,"Central, Info Commons","No, not a one-on-one",,,,,,,,,,,
Calendar of Events,English,7/8/2026 1:45:00 PM,"Central, Info Commons",Central,1,Public Reservation,,No,No,,Meeting Room,1.5,No,No,3,Adults,No,No,No,,6a4e75303e7d4775210815,"Central Library, Info Commons, Room 3",No,,,Call,,,,3,0,"Central, Info Commons","No, not a one-on-one",,,,,,,,,,,
Calendar of Events,English,7/8/2026 1:45:00 PM,"Central, Info Commons",Central,1,Public Reservation,,No,No,,Meeting Room,1.25,No,No,1,Adults,No,No,No,,6a4e82a61fa36168711632,"Central Library, Info Commons, Room 4",No,,,Zoom class,,,,1,0,"Central, Info Commons","No, not a one-on-one",,,,,,,,,,,
Calendar of Events,English,7/8/2026 2:00:00 PM,"Central, Info Commons",Central,1,Public Reservation,,No,No,,Meeting Room,2,No,No,2,Adults,No,No,No,,6a45521c8ddb3122991507,"Central Library, Info Commons, Room 6",No,,,ABA Session,,,,2,0,"Central, Info Commons","No, not a one-on-one",,,,,,,,,,,
Calendar of Events,English,7/8/2026 2:15:00 PM,"Central, Info Commons",Central,1,Public Reservation,,No,No,,Meeting Room,1.5,No,No,1,Adults,No,No,No,,6a4e809de5228433603876,"Central Library, Info Commons, Room 2",No,,,Interview,,,,1,0,"Central, Info Commons","No, not a one-on-one",,,,,,,,,,,
Calendar of Events,English,7/8/2026 3:00:00 PM,"Central, Info Commons",Central,1,Public Reservation,,No,No,,Meeting Room,2,No,No,1,Adults,No,No,No,,6a4e9afa7d80f588103602,"Central Library, Info Commons, Room 5",No,,,,,,,1,0,"Central, Info Commons","No, not a one-on-one",,,,,,,,,,,
Calendar of Events,English,7/8/2026 3:00:00 PM,"Central, Info Commons",Central,1,Public Reservation,,No,No,,Meeting Room,0.75,No,No,2,Adults,No,No,No,,6a4e82cf16dae160440644,"Central Library, Info Commons, Room 7",No,,,Zoom class,,,,2,0,"Central, Info Commons","No, not a one-on-one",,,,,,,,,,,
Calendar of Events,English,7/8/2026 3:00:00 PM,"Central, Info Commons",Central,1,Public Reservation,,No,No,,Meeting Room,0.5,No,No,2,Adults,No,No,No,,6a4e626248a65830903043,"Central Library, Info Commons, Room 4",No,,,Meeting,,,,2,0,"Central, Info Commons","No, not a one-on-one",,,,,,,,,,,
Calendar of Events,English,7/8/2026 3:30:00 PM,"Central, Info Commons",Central,1,Public Reservation,,No,No,,Meeting Room,1,No,No,2,Adults,No,No,No,,6a467d13ba920097401486,"Central Library, Info Commons, Room 3",No,,,Interview,,,,2,0,"Central, Info Commons","No, not a one-on-one",,,,,,,,,,,
Calendar of Events,English,7/8/2026 3:45:00 PM,"Central, Info Commons",Central,1,Public Reservation,,No,No,,Meeting Room,1.5,No,No,1,Adults,No,No,No,,6a3c463d85cff513637440,"Central Library, Info Commons, Room 2",No,,,Zoom meeting,,,,1,0,"Central, Info Commons","No, not a one-on-one",,,,,,,,,,,
Calendar of Events,English,7/8/2026 3:45:00 PM,"Central, Info Commons",Central,1,Public Reservation,,No,No,,Meeting Room,2,No,No,1,Adults,No,No,No,,6a4ea7740433c068351769,"Central Library, Info Commons, Room 7",No,,,,,,,1,0,"Central, Info Commons","No, not a one-on-one",,,,,,,,,,,
Calendar of Events,English,7/8/2026 4:00:00 PM,"Central, Info Commons",Central,1,Public Reservation,,No,No,,Meeting Room,0.5,No,No,1,Adults,No,No,No,,6a4eaa5693ed8687868535,"Central Library, Info Commons, Room 4",No,,,Meeting,,,,1,0,"Central, Info Commons","No, not a one-on-one",,,,,,,,,,,
Calendar of Events,English,7/8/2026 4:30:00 PM,"Central, Info Commons",Central,1,Public Reservation,,No,No,,Meeting Room,3,No,No,1,Adults,No,No,No,,6a2b0e7a2cfcb823475422,"Central Library, Info Commons, Room 1",No,,,2 Rock,,,,1,0,"Central, Info Commons","No, not a one-on-one",,,,,,,,,,,
Calendar of Events,English,7/8/2026 4:30:00 PM,"Central, Info Commons",Central,1,Public Reservation,,No,No,,Meeting Room,2,No,No,1,Adults,No,No,No,,6a4e842b37ddf692219730,"Central Library, Info Commons, Room 4",No,,,Online meeting,,,,1,0,"Central, Info Commons","No, not a one-on-one",,,,,,,,,,,
Calendar of Events,English,7/8/2026 5:00:00 PM,"Central, Info Commons",Central,1,Public Reservation,,No,No,,Meeting Room,0.25,No,No,1,Adults,No,No,No,,6a4ea1669426e717919745,"Central Library, Info Commons, Room 3",No,,,,,,,1,0,"Central, Info Commons","No, not a one-on-one",,,,,,,,,,,
Calendar of Events,English,7/8/2026 5:00:00 PM,"Central, Info Commons",Central,1,Public Reservation,,No,No,,Meeting Room,2,No,No,3,Adults,No,No,No,,6a4bc7354dc2b628047242,"Central Library, Info Commons, Room 6",No,,,Script Rehearsal for a short student film,,,,3,0,"Central, Info Commons","No, not a one-on-one",,,,,,,,,,,
Calendar of Events,English,7/8/2026 5:00:00 PM,"Central, Info Commons",Central,1,Public Reservation,,No,No,,Meeting Room,1.25,No,No,1,Adults,No,No,No,,6a4ea239690ef089507495,"Central Library, Info Commons, Room 5",No,,,,,,,1,0,"Central, Info Commons","No, not a one-on-one",,,,,,,,,,,
Calendar of Events,English,7/8/2026 6:00:00 PM,"Central, Info Commons",Central,1,Public Reservation,,No,No,,Meeting Room,1,No,No,4,Adults,No,No,No,,6a4d27d11eb29110260262,"Central Library, Info Commons, Room 3",No,,,Meeting of Lancaster Youth Forum PA... Brooklyn NY.,,,,4,0,"Central, Info Commons","No, not a one-on-one",,,,,,,,,,,
Calendar of Events,English,7/8/2026 6:00:00 PM,"Central, Info Commons",Central,1,Public Reservation,,No,No,,Meeting Room,1.5,No,No,2,Adults,No,No,No,,6a4eb4b51c642590419771,"Central Library, Info Commons, Room 2",No,,,Study,,,,2,0,"Central, Info Commons","No, not a one-on-one",,,,,,,,,,,
Calendar of Events,English,7/8/2026 9:45:00 AM,"Central, Info Commons",Central,1,Public Reservation,,No,No,,Meeting Room,2.25,No,No,3,Adults,No,No,No,,6a4e51c2b0e01335635784,"Central Library, Info Commons, Room 1",No,,,"Ficition New York
KUSH GOD MOB MEET",,,,3,0,"Central, Info Commons","No, not a one-on-one",,,,,,,,,,,
Calendar of Events,English,7/8/2026 10:00:00 AM,"Central, Info Commons",Central,1,Public Reservation,,No,No,,Meeting Room,2,No,No,1,Adults,No,No,No,,6a4dbb99205fa912051299,"Central Library, Info Commons, Room 2",No,,,Zoom call,,,,1,0,"Central, Info Commons","No, not a one-on-one",,,,,,,,,,,
Calendar of Events,English,7/8/2026 10:00:00 AM,"Central, Info Commons",Central,1,Public Reservation,,No,No,,Meeting Room,2,No,No,6,Adults,No,No,No,,6a4d962c38362071184612,"Central Library, Info Commons, Room 3",No,,,Coworking,,,,6,0,"Central, Info Commons","No, not a one-on-one",,,,,,,,,,,
Calendar of Events,English,7/8/2026 10:15:00 AM,"Central, Info Commons",Central,1,Public Reservation,,No,No,,Meeting Room,2.5,No,No,1,Adults,No,No,No,,6a4c1db5d2f1d883617675,"Central Library, Info Commons, Room 6",No,,,,,,,1,0,"Central, Info Commons","No, not a one-on-one",,,,,,,,,,,
Calendar of Events,English,7/8/2026 11:00:00 AM,"Central, Info Commons",Central,1,Public Reservation,,No,No,,Meeting Room,1.5,No,No,6,Adults,No,No,No,,6a4505c1dfb18580207553,"Central Library, Info Commons, Room 5",No,,,Class,,,,6,0,"Central, Info Commons","No, not a one-on-one",,,,,,,,,,,
Calendar of Events,English,7/8/2026 11:30:00 AM,"Central, Info Commons",Central,1,Public Reservation,,No,No,,Meeting Room,0.75,No,No,1,Adults,No,No,No,,6a4e6c8c2fa73912993375,"Central Library, Info Commons, Room 7",No,,,Presentation,,,,1,0,"Central, Info Commons","No, not a one-on-one",,,,,,,,,,,
Calendar of Events,English,7/8/2026 12:00:00 PM,Homecrest,Kings Highway,1,English Conversation Group,Adult Education,Yes,No,"adult learning, conversations, english conversation group, Immigrant Services",Program,1.5,No,No,9,Adults,No,No,No,,833811,Homecrest Library,Yes,,,,,,,9,0,Homecrest,"No, not a one-on-one",,,,,,,0,0,0,,
Calendar of Events,"English, Russian",7/8/2026 6:30:00 AM,Sheepshead Bay,Kings Highway,1,Free English Class,Adult Education,Yes,No,"ESOL, Welcome ESOL",Program,2,No,No,9,Adults,No,No,No,,826473,"Sheepshead Bay, Meeting Room",Yes,,,,,,Sheepshead Bay Library,9,0,Sheepshead Bay,"No, not a one-on-one",,,,,,,0,0,0,,
Calendar of Events,English,7/8/2026 6:30:00 AM,Sunset Park,New Utrecht,1,Free English Class,Adult Education,Yes,No,"adult learning, ESOL, Immigrant Services, Welcome ESOL",Program,2,No,No,11,Adults,No,No,No,,829997,Sunset Park Library,Yes,,Claire Beresford,,,,Sunset Park Library,11,0,Sunset Park,"No, not a one-on-one",,,,,,,0,0,0,,
Calendar of Events,English,7/8/2026 11:30:00 AM,Williamsburgh,Park Slope,1,Free English Class,Adult Education,Yes,No,"adult learning, ESOL, Immigrant Services, Welcome ESOL",Program,2,No,No,7,Adults,No,No,No,"II2526 grant, Immigrant Services",825313,"Williamsburgh, Auditorium",Yes,,,,,,,7,0,Williamsburgh,"No, not a one-on-one",,,,,,,0,0,0,,
Salesforce,,7/8/2026 12:00:00 AM,Central  Learning Center,Central,1,Adult Basic Education,Adult Education,No,No,"Adult Learning, Learning Center, Small Group, ABE",Program,2,No,No,0,Adults,No,No,No,Adult Learning,,,No,,,,,,,0,0,Central  Learning Center,"No, not a one-on-one",,,,,,,,,,,
Salesforce,,7/8/2026 12:00:00 AM,Central  Learning Center,Central,1,Adult Basic Education,Adult Education,No,No,"Adult Learning, Learning Center, Small Group, ABE",Program,2,No,No,2,Adults,No,No,No,Adult Learning,,,No,,,,,,,0,0,Central  Learning Center,"No, not a one-on-one",,,,,,,,,,,
Salesforce,,7/8/2026 12:00:00 AM,Central  Learning Center,Central,1,Adult Basic Education,Adult Education,No,No,"Adult Learning, Learning Center, Small Group, ABE",Program,2,No,No,0,Adults,No,No,No,Adult Learning,,,No,,,,,,,0,0,Central  Learning Center,"No, not a one-on-one",,,,,,,,,,,
Salesforce,,7/8/2026 12:00:00 AM,Bedford Learning Center,Crown Heights,1,Adult Basic Education,Adult Education,No,No,"Adult Learning, Learning Center, Small Group, ABE",Program,2,No,No,3,Adults,No,No,No,Adult Learning,,,No,,,,,,,0,0,Bedford,"No, not a one-on-one",,,,,,,,,,,
Salesforce,,7/8/2026 12:00:00 AM,Bedford Learning Center,Crown Heights,1,Adult Basic Education,Adult Education,No,No,"Adult Learning, Learning Center, Small Group, ABE",Program,2,No,No,1,Adults,No,No,No,Adult Learning,,,No,,,,,,,0,0,Bedford,"No, not a one-on-one",,,,,,,,,,,
Salesforce,,7/8/2026 12:00:00 AM,Bedford Learning Center,Crown Heights,1,Adult Basic Education,Adult Education,No,No,"Adult Learning, Learning Center, Small Group, ABE",Program,2,No,No,1,Adults,No,No,No,Adult Learning,,,No,,,,,,,0,0,Bedford,"No, not a one-on-one",,,,,,,,,,,
Salesforce,,7/8/2026 12:00:00 AM,Bedford Learning Center,Crown Heights,1,Adult Basic Education,Adult Education,No,No,"Adult Learning, Learning Center, Small Group, ABE",Program,2,No,No,3,Adults,No,No,No,Adult Learning,,,No,,,,,,,0,0,Bedford,"No, not a one-on-one",,,,,,,,,,,
Salesforce,,7/8/2026 12:00:00 AM,Bedford Learning Center,Crown Heights,1,Adult Basic Education,Adult Education,No,No,"Adult Learning, Learning Center, Small Group, ABE",Program,2,No,No,2,Adults,No,No,No,Adult Learning,,,No,,,,,,,0,0,Bedford,"No, not a one-on-one",,,,,,,,,,,
Salesforce,,7/8/2026 12:00:00 AM,Bedford Learning Center,Crown Heights,1,Adult Basic Education,Adult Education,No,No,"Adult Learning, Learning Center, Independent Study, ABE",Program,2,No,No,3,Adults,No,No,No,Adult Learning,,,No,,,,,,,0,0,Bedford,"No, not a one-on-one",,,,,,,,,,,
Salesforce,,7/8/2026 12:00:00 AM,Bedford Learning Center,Crown Heights,1,Adult Basic Education,Adult Education,No,No,"Adult Learning, Learning Center, Small Group, ABE",Program,2,No,No,3,Adults,No,No,No,Adult Learning,,,No,,,,,,,0,0,Bedford,"No, not a one-on-one",,,,,,,,,,,
Salesforce,,7/8/2026 12:00:00 AM,Bedford Learning Center,Crown Heights,1,Adult Basic Education,Adult Education,No,No,"Adult Learning, Learning Center, Small Group, ABE",Program,2,No,No,3,Adults,No,No,No,Adult Learning,,,No,,,,,,,0,0,Bedford,"No, not a one-on-one",,,,,,,,,,,
Salesforce,,7/8/2026 12:00:00 AM,Bedford Learning Center,Crown Heights,1,Adult Basic Education,Adult Education,No,No,"Adult Learning, Learning Center, Small Group, ABE",Program,2,No,No,1,Adults,No,No,No,Adult Learning,,,No,,,,,,,0,0,Bedford,"No, not a one-on-one",,,,,,,,,,,
Salesforce,,7/8/2026 12:00:00 AM,Bedford Learning Center,Crown Heights,1,Adult Basic Education,Adult Education,No,No,"Adult Learning, Learning Center, Orientation, ABE",Program,3,No,No,1,Adults,No,No,No,Adult Learning,,,No,,,,,,,0,0,Bedford,"No, not a one-on-one",,,,,,,,,,,
Salesforce,,7/8/2026 12:00:00 AM,Eastern Parkway Learning Center,Crown Heights,1,Adult Basic Education,Adult Education,No,No,"Adult Learning, Learning Center, Small Group, ABE",Program,2,No,No,2,Adults,No,No,No,Adult Learning,,,No,,,,,,,0,0,Eastern Parkway,"No, not a one-on-one",,,,,,,,,,,
Salesforce,,7/8/2026 12:00:00 AM,Eastern Parkway Learning Center,Crown Heights,1,Adult Basic Education,Adult Education,No,No,"Adult Learning, Learning Center, Orientation, ABE",Program,2,No,No,2,Adults,No,No,No,Adult Learning,,,No,,,,,,,0,0,Eastern Parkway,"No, not a one-on-one",,,,,,,,,,,
Calendar of Events,English,7/8/2026 9:00:00 AM,Greenpoint,Crown Heights,1,Greenpoint Library Open Roof Hours,Health & Wellness,Yes,No,gardening,Program,3,No,No,28,Adults,No,No,No,"Friends, Greenpoint Environmental Education Center",823942,"Greenpoint, Demonstration Garden",No,,,,,,,28,0,Greenpoint,"No, not a one-on-one",,,,,,,0,0,0,,
Calendar of Events,English,7/8/2026 10:00:00 AM,DeKalb,Crown Heights,1,Open Garden Hours,Passive Programs,Yes,No,"after school, all ages, gardening",Program,2,No,No,3,Adults,No,No,No,,832910,DeKalb Library,No,,,,,,,3,0,DeKalb,"No, not a one-on-one",,,,,,,0,0,0,,
Calendar of Events,English,7/8/2026 6:00:00 AM,Flatbush,Flatbush,1,Free Civil Legal Services via NYLAG,Civic Engagement & Rights,Yes,No,"adult learning, citizenship, Immigrant Services, Justice Initiatives, legal resources",Program,5,No,No,0,Adults,No,No,No,Adult Learning,831973,Flatbush Library,No,,Charmaine Amey,Event moved due to mechanical issue with the mobile van and scheduling.,,,"Flatbush Library, Flatbush Learning Center, New Lots Library, New Lots Learning Center",0,0,Flatbush,"No, not a one-on-one",,,,,,,0,0,0,,
Calendar of Events,English,7/8/2026 12:00:00 PM,East Flatbush,Flatbush,1,Fiber Art: Crochet,"Crafting, Digital Media, Making",Yes,No,"adult learning, arts and crafts, fiber arts",Program,1.5,No,No,9,Adults,No,No,No,,832167,East Flatbush Library,No,,Wafaa. A.,,,,East Flatbush Library,9,0,East Flatbush,"No, not a one-on-one",,,,,,,0,0,0,,
Calendar of Events,English,7/8/2026 8:00:00 AM,Mill Basin,Flatbush,1,Adult Puzzling Hour,Games,Yes,No,"creative aging, game on, summer reading, table-top & board games",Program,1,No,No,0,Adults,No,No,No,,829175,Mill Basin Library,No,,,,,,,0,0,Mill Basin,"No, not a one-on-one",,,,,,,0,0,0,,
Calendar of Events,English,7/8/2026 6:30:00 AM,Flatbush,Flatbush,1,Flatbush Library Garden: Accessible Gardening Hour,Health & Wellness,Yes,No,"Branches in Bloom, climate and the environment, developmental disabilities, gardening",Program,1,No,No,16,Adults,No,No,No,,827363,Flatbush Library,No,,,,,,,16,0,Flatbush,"No, not a one-on-one",,,,,,,0,0,0,,
Calendar of Events,English,7/8/2026 10:00:00 AM,Cortelyou,Flatbush,1,Crochet & Knitting,Passive Programs,Yes,No,"arts and crafts, knitting and crocheting",Program,2.5,No,No,7,Adults,No,No,No,,834447,"Cortelyou, Meeting Room",No,,,,,,,7,0,Cortelyou,"No, not a one-on-one",,,,,,,0,0,0,,
Calendar of Events,English,7/8/2026 10:00:00 AM,Paerdegat,Flatbush,1,PASS THE AUX,Passive Programs,Yes,No,music,Program,1,No,No,0,Adults,No,No,No,,830230,"Paerdegat, Meeting Room",No,,,,,,,0,0,Paerdegat,"No, not a one-on-one",,,,,,,0,0,0,,
Calendar of Events,English,7/8/2026 10:00:00 AM,Kings Highway,Kings Highway,1,Knitting & Crochet Club,"Crafting, Digital Media, Making",Yes,No,"arts and crafts, fiber arts, knitting and crocheting",Program,1,No,No,7,Adults,No,No,No,,822013,"Kings Highway, Meeting Room",No,,,,,,,7,0,Kings Highway,"No, not a one-on-one",,,,,,,0,0,0,,
Calendar of Events,English,7/8/2026 12:00:00 PM,Sheepshead Bay,Kings Highway,1,Create Your Own Handmade Doll - Bring Your Traditions to Life,"Crafting, Digital Media, Making",Yes,No,"Artists on Site, arts and crafts, humanities and art",Program,1,No,No,14,Adults,No,No,No,,831894,"Sheepshead Bay, Meeting Room",No,,,,,,,14,0,Sheepshead Bay,"No, not a one-on-one",,,,,,,0,0,0,,
Calendar of Events,English,7/8/2026 11:00:00 AM,Gerritsen Beach,Kings Highway,1,Movies @ the Library: Hamnet,"Dance, Music, Movies, & Performance",Yes,No,"movies, movies at the library",Program,2,No,No,2,Adults,No,No,No,,831143,"Gerritsen Beach, Large Meeting Room",No,,,,,,,2,0,Gerritsen Beach,"No, not a one-on-one",,,,,,,0,0,0,,
Calendar of Events,English,7/8/2026 12:00:00 PM,Kings Highway,Kings Highway,1,Family Board Game Club!,Games,Yes,No,table-top & board games,Program,1,No,No,3,Adults,No,No,No,,833875,"Kings Highway, Meeting Room",No,,,,,,,3,0,Kings Highway,"No, not a one-on-one",,,,,,,0,0,0,,
Calendar of Events,English,7/8/2026 12:00:00 PM,Ryder,Kings Highway,1,Mahjong Meetup for Adults,Games,Yes,No,table-top & board games,Program,1,No,No,4,Adults,No,No,No,,829661,"Ryder, Meeting Room",No,,Brandon Harrington,,,,,4,0,Ryder,"No, not a one-on-one",,,,,,,0,0,0,,
Calendar of Events,English,7/8/2026 6:30:00 AM,Sheepshead Bay,Kings Highway,1,"$1 Book Sale, Vintage Gift Shop",Passive Programs,Yes,No,"book sale, movies, music",Program,6.5,No,No,2,Adults,No,No,No,,831044,Sheepshead Bay Library,No,,,,,,,2,0,Sheepshead Bay,"No, not a one-on-one",,,,,,,0,0,0,,
Calendar of Events,English,7/8/2026 6:15:00 AM,Jamaica Bay,New Lots,1,Free Notary Services,Civic Engagement & Rights,Yes,No,"all ages, community partner, legal resources",Program,1,No,No,0,Adults,No,No,No,,823534,Jamaica Bay Library,No,,,,,,Jamaica Bay Library,0,0,Jamaica Bay,"No, not a one-on-one",,,,,,,0,0,0,,
Calendar of Events,English,7/8/2026 11:00:00 AM,Arlington,New Lots,1,Adult Art Time - Coloring,"Crafting, Digital Media, Making",Yes,No,arts and crafts,Program,1,No,No,5,Adults,No,No,No,,832175,"Arlington Library, Program Room",No,,,,,,,5,0,Arlington,"No, not a one-on-one",,,,,,,0,0,0,,
Calendar of Events,English,7/8/2026 9:00:00 AM,"Central, Info Commons",Central,1,Ask A Tech,Adult Education,Yes,No,"adult learning, techknowledge",Program,1,Yes,No,4,Adults,No,No,No,,833755,"Central Library, Info Commons Lab",No,,"Kadeem Rust, Leitcha Easton",,,,,4,0,"Central, Info Commons","No, not a one-on-one",,,,,,,0,0,0,,
Calendar of Events,English,7/8/2026 1:30:00 PM,"Central, Info Commons",Central,1,Making Music from Our Surroundings,"Dance, Music, Movies, & Performance",Yes,No,"music, podcasting and audio recording",Program,2,Yes,No,6,Adults,No,No,No,Info Commons,832251,"Central Library, Info Commons Lab",No,,,,,,,6,0,"Central, Info Commons","No, not a one-on-one",,,,,,,0,0,0,,
Calendar of Events,English,7/8/2026 7:00:00 AM,DeKalb,Crown Heights,1,Ask A Tech,Adult Education,Yes,No,"adult learning, computer basics, techknowledge",Program,1,Yes,No,0,Adults,No,No,No,,832909,DeKalb Library,No,,,duplicate,,,,0,0,DeKalb,"No, not a one-on-one",,,,,,,0,0,0,,
Calendar of Events,English,7/8/2026 7:00:00 AM,Clarendon,Flatbush,1,Ask-a-Tech,Adult Education,Yes,No,"adult learning, techknowledge",Program,1,Yes,No,4,Adults,No,No,No,"Connected Communities (NYC-CC), Tech Tools (DASNY)",819863,Clarendon Library,No,,"Xiaowen Liang, Brian Eng",,,,,4,0,Clarendon,"No, not a one-on-one",,,,,,,0,0,0,,
Calendar of Events,English,7/8/2026 11:30:00 AM,Borough Park,Flatbush,1,Weekly Craft Circle at Amnon's Pizza!,"Crafting, Digital Media, Making",Yes,No,"all ages, arts and crafts, conversations, creative aging, crochet, knitting and crocheting",Program,1.5,Yes,No,7,Adults,No,No,No,,826417,Borough Park Library,No,,Sarah Gluck,,,,Borough Park Library,7,0,Borough Park,"No, not a one-on-one",,,,,,,0,0,0,,
Calendar of Events,English,7/8/2026 10:00:00 AM,Arlington,New Lots,1,Computer Basics,Adult Education,Yes,No,"adult learning, computer basics",Program,1,Yes,No,3,Adults,No,No,No,"Adult Learning, Tech Tools (DASNY)",816502,"Arlington Library, Program Room",No,,,,,,,3,0,Arlington,"No, not a one-on-one",,,,,,,0,0,0,,
Calendar of Events,English,7/8/2026 7:00:00 AM,Jamaica Bay,New Lots,1,Computer Basics @ Jamaica Bay,Adult Education,Yes,No,"adult learning, computer basics, Microsoft Office, techknowledge",Program,1.25,Yes,No,1,Adults,No,No,No,,829880,Jamaica Bay Library,No,,Christian Caliendo,,,,,1,0,Jamaica Bay,"No, not a one-on-one",,,,,,,0,0,0,,
Calendar of Events,English,7/8/2026 8:00:00 AM,Spring Creek,New Lots,1,Computer Basics Course,Adult Education,Yes,No,"computer basics, computer programming",Program,1,Yes,No,1,Adults,No,No,No,Adult Learning,819142,Spring Creek Library,No,,Adrian McCurchin,,,,,1,0,Spring Creek,"No, not a one-on-one",,,,,,,0,0,0,,
Calendar of Events,English,7/8/2026 10:00:00 AM,Stone Avenue,New Lots,1,Microsoft Excel Basics-Stone Avenue Branch,Adult Education,Yes,No,"adult learning, computer programming, techknowledge",Program,1,Yes,No,0,Adults,No,No,No,Connected Communities (NYC-CC),833204,Stone Avenue Library,No,,Denise Williams,,,,Stone Avenue Library,0,0,Stone Avenue,"No, not a one-on-one",,,,,,,0,0,0,,
Calendar of Events,English,7/8/2026 12:00:00 PM,Saratoga,New Lots,1,Create with 3D,Juv & YA Education,Yes,No,"adult learning, all ages, techknowledge",Program,1,Yes,No,2,Adults,No,No,No,"Adult Learning, Connected Communities (NYC-CC), Tech Tools (DASNY)",832410,"Saratoga, Meeting Room",No,,Shawn Campbell,,,,,2,0,Saratoga,"No, not a one-on-one",,,,,,,0,0,0,,
Calendar of Events,"English, Spanish",7/8/2026 7:00:00 AM,New Utrecht,New Utrecht,1,Ask a Tech/ Preguntar sobre Tecnologia,Adult Education,Yes,No,"adult learning, techknowledge",Program,1,Yes,No,1,Adults,No,No,No,Adult Learning,833160,New Utrecht Library,No,,Julio C Jimenez,,,,,1,0,New Utrecht,"No, not a one-on-one",,,,,,,0,0,0,,
Calendar of Events,"English, Spanish",7/8/2026 7:00:00 AM,Brownsville,New Lots,1,Brainy Babies Brownsville,Story times,Yes,No,"Brainy Babies, early literacy, Events for Youth and Family, first five years, parents and caregivers, storytime",Program,0.75,Yes,No,3,BirthToFiveYears,No,No,No,YFS,828398,Brownsville Library,No,,G. Sarraga,,,,,3,0,Brownsville,"No, not a one-on-one",,,,,,,0,0,0,,
Calendar of Events,English,7/8/2026 6:30:00 AM,Adams Street,Park Slope,1,Toddler Time (CRAWLING/WALKING TODDLERS ONLY),Story times,Yes,No,"storytime, toddler time",Program,0.5,Yes,No,36,BirthToFiveYears,No,No,No,,831188,Adams Street Library,No,,Kimberly Behan,,,,,36,0,Adams Street,"No, not a one-on-one",,,,,,,0,0,0,,
Calendar of Events,English,7/8/2026 10:00:00 AM,Flatbush,Flatbush,1,Kids Game On!,Games,Yes,No,"game on, kids, table-top & board games",Program,1,Yes,No,5,Kids,No,No,No,,831903,"Flatbush, Large Meeting Room",No,,,,,,,5,0,Flatbush,"No, not a one-on-one",,,,,,,0,0,0,,
Calendar of Events,English,7/8/2026 12:00:00 PM,Sunset Park,New Utrecht,1,Lego Robotics,Adult Education,Yes,No,"Build with Lego, Events for Youth and Family, lego robotics",Program,1,Yes,No,29,Kids,No,No,No,,832300,Sunset Park Library,No,,Gaelen Hadlett & Donato Huertero,,,,,29,0,Sunset Park,"No, not a one-on-one",,,,,,,0,0,0,,
Calendar of Events,English,7/8/2026 11:00:00 AM,Kensington,Kings Highway,1,Teen Tech Time,Games,Yes,No,"summer reading, techknowledge, teen tech time, teen time",Program,1,Yes,No,2,Teens,No,No,No,,828194,Kensington Auditorium,No,,m.cole,,,,,2,0,Kensington,"No, not a one-on-one",,,,,,,0,0,0,,
Calendar of Events,English,7/8/2026 11:30:00 AM,Macon,New Lots,1,Summer Movie Fun,"Dance, Music, Movies, & Performance",Yes,No,"DIY, movies at the library, techknowledge",Program,1.5,Yes,No,3,Teens,No,No,No,Connected Communities (NYC-CC),829390,"Macon, Small Auditorium",No,,Maryam and Riann Rocca,,,,,3,0,Macon,"No, not a one-on-one",,,,,,,0,0,0,,
Calendar of Events,English,7/8/2026 7:00:00 AM,Windsor Terrace,Flatbush,2,Computer Basics @ Windsor Terrace,Adult Education,Yes,No,"adult learning, computer basics, techknowledge",Program,1,Yes,No,2,Adults,No,No,No,,820588,Windsor Terrace Library,No,,Calvin Zheng,,,,,2,0,Windsor Terrace,"Yes, this is a monthly summary of one-on-one sessions",,,,,,,0,0,0,,
Calendar of Events,"Bengali, English, Spanish",7/8/2026 6:00:00 AM,"Central, Civic Commons",Central,1,Neighborhood Tech Help,Adult Education,Yes,No,"adult learning, computer basics",Program,7,Yes,No,12,Adults,No,No,No,Neighborhood Tech Help,833750,"Central Library, Civic Commons Partner Office",No,,,,,,,12,0,"Central, Civic Commons","Yes, this session was designed as one-on-one",,,,,,,0,0,0,,
Calendar of Events,English,7/8/2026 11:15:00 AM,Greenpoint,Crown Heights,1,Computer Basics,Adult Education,Yes,No,"adult learning, computer basics, techknowledge",Program,1.75,Yes,No,0,Adults,No,No,No,,820883,Greenpoint Library,No,,,,,,,0,0,Greenpoint,"Yes, this session was designed as one-on-one",,,,,,,0,0,0,,
Calendar of Events,English,7/8/2026 11:00:00 AM,Flatlands,Flatbush,1,Movie at the Library!,"Dance, Music, Movies, & Performance",Yes,No,"family movie, movies at the library",Program,2,No,No,22,Kids,No,No,No,,829763,Flatlands Library,No,,Dayana Morales Gomez & Samuel Isakov,,,,,22,0,Flatlands,"No, not a one-on-one",,,,,,,0,0,0,,
Calendar of Events,English,7/8/2026 11:00:00 AM,Rugby,Flatbush,1,Kids Tech Time,Games,Yes,No,"after school, kids tech time, summer reading, video games",Program,2,No,No,6,Kids,No,No,No,,812768,"Rugby, Meeting Room",No,,C Thomas,,,,,6,0,Rugby,"No, not a one-on-one",,,,,,,0,0,0,,
Calendar of Events,English,7/8/2026 9:00:00 AM,Flatbush,Flatbush,1,Free Summer Meals,Health & Wellness,Yes,No,"first five years, free summer meals, kids, summer meals",Program,1,No,No,4,Kids,No,No,No,,829664,"Flatbush, Caribbean Literary & Cultural Center",No,,Maura Johnson/Elizabeth Landeche,,,,,4,0,Flatbush,"No, not a one-on-one",,,,,,,0,0,0,,
Calendar of Events,English,7/8/2026 9:00:00 AM,Rugby,Flatbush,1,Summer Meals,Health & Wellness,Yes,No,"free summer meals, movies, summer meals",Program,1,No,No,6,Kids,No,No,No,,832519,"Rugby, Meeting Room",No,,Yolande Edwards,,,,,6,0,Rugby,"No, not a one-on-one",,,,,,,0,0,0,,
Calendar of Events,English,7/8/2026 12:00:00 PM,East Flatbush,Flatbush,1,Sensory Storytime,Story times,Yes,No,"early literacy, first five years, preschool, storytime",Program,0.75,No,No,6,Kids,No,No,No,,834682,East Flatbush Library,No,,DRiker,,,,,6,0,East Flatbush,"No, not a one-on-one",,,,,,,0,0,0,,
Calendar of Events,English,7/8/2026 9:00:00 AM,Gerritsen Beach,Kings Highway,1,Free Summer Meals + Movie,"Dance, Music, Movies, & Performance",Yes,No,"family movie, free summer meals, movies at the library, summer meals",Program,1,No,No,12,Kids,No,No,No,,831213,Gerritsen Beach Library,No,,,,,,,12,0,Gerritsen Beach,"No, not a one-on-one",,,,,,,0,0,0,,
Calendar of Events,English,7/8/2026 10:00:00 AM,Homecrest,Kings Highway,1,Chess for Kids,Games,Yes,No,"Chess Workshop, Events for Youth and Family",Program,1,No,No,8,Kids,No,No,No,,826806,Homecrest Library,No,,a.savitsky,,,,,8,0,Homecrest,"No, not a one-on-one",,,,,,,0,0,0,,
Calendar of Events,English,7/8/2026 10:30:00 AM,Gerritsen Beach,Kings Highway,1,Afternoon Playtime,Passive Programs,Yes,No,"after school, summer reading",Program,3,No,No,6,Kids,No,No,No,,831233,"Gerritsen Beach, Small Program Room",No,,,,,,,6,0,Gerritsen Beach,"No, not a one-on-one",,,,,,,0,0,0,,
Calendar of Events,English,7/8/2026 10:00:00 AM,Sheepshead Bay,Kings Highway,1,Summer at the Library 2026: What’s Your Story?,Reading & Writing,Yes,No,"creative writing, giveaways, summer reading",Program,2,No,No,5,Kids,No,No,No,,832665,Sheepshead Bay Library,No,,,,,,,5,0,Sheepshead Bay,"No, not a one-on-one",,,,,,,0,0,0,,
Calendar of Events,English,7/8/2026 11:30:00 AM,Cypress Hills,New Lots,1,Kids Create,"Crafting, Digital Media, Making",Yes,No,"after school, arts and crafts, DIY, kids, kids create",Program,1,No,No,10,Kids,No,No,No,,820738,"Cypress Hills, Program Room",No,,,,,,,10,0,Cypress Hills,"No, not a one-on-one",,,,,,,0,0,0,,
Calendar of Events,English,7/8/2026 12:00:00 PM,Jamaica Bay,New Lots,1,Build with LEGO,"Crafting, Digital Media, Making",Yes,No,"after school, Build with Lego, kids, STEM & STEAM",Program,1,No,No,17,Kids,No,No,No,,827521,Jamaica Bay Library,No,,,,,,,17,0,Jamaica Bay,"No, not a one-on-one",,,,,,,0,0,0,,
Calendar of Events,English,7/8/2026 9:00:00 AM,Saratoga,New Lots,1,Summer Meals,Health & Wellness,Yes,No,"free summer meals, kids, summer meals",Program,1,No,No,10,Kids,No,No,No,YFS,831988,"Saratoga, Meeting Room",No,,G. Sarraga,,,,,10,0,Saratoga,"No, not a one-on-one",,,,,,,0,0,0,,
Calendar of Events,English,7/8/2026 9:00:00 AM,Jamaica Bay,New Lots,1,Movie Time,Passive Programs,Yes,No,"family movie, film, movies, movies at the library, summer reading",Program,1,No,No,14,Kids,No,No,No,,832430,Jamaica Bay Library,No,,Christian and Lissette,,,,,14,0,Jamaica Bay,"No, not a one-on-one",,,,,,,0,0,0,,
Calendar of Events,English,7/8/2026 9:00:00 AM,Jamaica Bay,New Lots,1,Free Summer Meals,Passive Programs,Yes,No,"first five years, free summer meals, kids, summer meals",Program,1,No,No,11,Kids,No,No,No,,830174,Jamaica Bay Library,No,,Christian and Lissette,,,,,11,0,Jamaica Bay,"No, not a one-on-one",,,,,,,0,0,0,,
Calendar of Events,English,7/8/2026 9:00:00 AM,Stone Avenue,New Lots,1,Free Summer Meals,Passive Programs,Yes,No,"first five years, free summer meals, kids, summer meals",Program,1,No,No,11,Kids,No,No,No,,830753,Stone Avenue Library,No,,,,,,,11,0,Stone Avenue,"No, not a one-on-one",,,,,,,0,0,0,,
Calendar of Events,English,7/8/2026 11:15:00 AM,Dyker,New Utrecht,1,Arts & Crafts,"Crafting, Digital Media, Making",Yes,No,"arts and crafts, kids create, teen time",Program,0.75,No,No,30,Kids,No,No,No,,822933,"Dyker Library, Auditorium",No,,,,,,,30,0,Dyker,"No, not a one-on-one",,,,,,,0,0,0,,
Calendar of Events,English,7/8/2026 11:30:00 AM,Fort Hamilton,New Utrecht,1,Arts & Crafts,"Crafting, Digital Media, Making",Yes,No,"arts and crafts, kids, kids create",Program,1.25,No,No,36,Kids,No,No,No,,819042,"Fort Hamilton, Meeting Room",No,,David Franzoi / Jade Ruiz,,,,,36,0,Fort Hamilton,"No, not a one-on-one",,,,,,,0,0,0,,
Calendar of Events,English,7/8/2026 11:00:00 AM,Highlawn,New Utrecht,1,Kids Create: Silhouette Collages,"Crafting, Digital Media, Making",Yes,No,"arts and crafts, kids create, summer reading",Program,1,No,No,21,Kids,No,No,No,,830110,"Highlawn, Meeting Room",No,,Alyssa Lentz,,,,,21,0,Highlawn,"No, not a one-on-one",,,,,,,0,0,0,,
Calendar of Events,English,7/8/2026 9:00:00 AM,Coney Island,New Utrecht,1,Summer Meals,Health & Wellness,Yes,No,"free summer meals, kids, summer meals",Program,1,No,No,13,Kids,No,No,No,,830555,Coney Island Library,No,,IdaliA Torres,,,,,13,0,Coney Island,"No, not a one-on-one",,,,,,,0,0,0,,
Calendar of Events,English,7/8/2026 9:00:00 AM,Sunset Park,New Utrecht,1,Free Summer Meals,Health & Wellness,Yes,No,"free summer meals, summer meals",Program,1,No,No,35,Kids,No,No,No,,834503,Sunset Park Library,No,,Jay Rosen / Roxana Benavides / Allison Wong,,,,,35,0,Sunset Park,"No, not a one-on-one",,,,,,,0,0,0,,
Calendar of Events,English,7/8/2026 6:00:00 AM,Kings Bay,Kings Highway,1,Adult Crafts with NORC,"Crafting, Digital Media, Making",No,No,,Program,1.5,No,No,4,Adults,No,Yes,No,,824482,Kings Bay Library,No,,NORC,,,,,4,0,Kings Bay,"No, not a one-on-one",,,,,,,0,0,0,,
Calendar of Events,English,7/8/2026 9:20:00 AM,Flatlands,Flatbush,1,Advanced Reference Question,Adult Education,No,No,,Program,0.3333,No,No,1,OlderAdults,Yes,No,No,,834688,Flatlands Library,No,,Elisabeth Topaltzas,,,,,1,0,Flatlands,"Yes, this is a monthly summary of one-on-one sessions",,,,,,,0,0,0,,
Calendar of Events,English,7/8/2026 1:45:00 PM,"Central, B&CC",Central,1,Public Reservation,,No,No,,Meeting Room,2,No,No,1,Adults,No,No,No,,6a4ab504a50ed309607237,"Central Library, B&CC, Booth 5",No,,,,,,,1,0,"Central, B&CC","No, not a one-on-one",,,,,,,,,,,
Calendar of Events,English,7/8/2026 9:15:00 AM,"Central, B&CC",Central,1,Public Reservation,,No,No,,Meeting Room,2,No,No,1,Adults,No,No,No,,6a4be5936bc05358181307,"Central Library, B&CC, Booth 5",No,,,Online meetings,,,,1,0,"Central, B&CC","No, not a one-on-one",,,,,,,,,,,
Calendar of Events,English,7/8/2026 9:45:00 AM,"Central, B&CC",Central,1,Public Reservation,,No,No,,Meeting Room,1.25,No,No,2,Adults,No,No,No,,6a4d85bf947fa585214229,"Central Library, B&CC, Meeting Room 10",No,,,virtual meeting,,,,2,0,"Central, B&CC","No, not a one-on-one",,,,,,,,,,,
Calendar of Events,English,7/8/2026 10:00:00 AM,"Central, B&CC",Central,1,Public Reservation,,No,No,,Meeting Room,0.25,No,No,2,Adults,No,No,No,,6a41850fd53dd327680092,"Central Library, B&CC, Meeting Room 8",No,,,,,,,2,0,"Central, B&CC","No, not a one-on-one",,,,,,,,,,,
Calendar of Events,English,7/8/2026 10:15:00 AM,"Central, B&CC",Central,1,Public Reservation,,No,No,,Meeting Room,2,No,No,1,Adults,No,No,No,,6a4e5bdb12f3f596656542,"Central Library, B&CC, Meeting Room 8",No,,,,,,,1,0,"Central, B&CC","No, not a one-on-one",,,,,,,,,,,
Calendar of Events,English,7/8/2026 10:30:00 AM,"Central, B&CC",Central,1,Public Reservation,,No,No,,Meeting Room,2,No,No,1,Adults,No,No,No,,6a4a6a0819861560163346,"Central Library, B&CC, Booth 4",No,,,,,,,1,0,"Central, B&CC","No, not a one-on-one",,,,,,,,,,,
Calendar of Events,English,7/8/2026 11:00:00 AM,"Central, B&CC",Central,1,Public Reservation,,No,No,,Meeting Room,2,No,No,1,Adults,No,No,No,,6a4d0acaaba13655970670,"Central Library, B&CC, Booth 3",No,,,"interviews,  PO extended session, but patron left items unattended in room --  following patron had to be moved to a different room",,,,1,0,"Central, B&CC","No, not a one-on-one",,,,,,,,,,,
Calendar of Events,English,7/8/2026 11:00:00 AM,"Central, B&CC",Central,1,Public Reservation,,No,No,,Meeting Room,2,No,No,1,Adults,No,No,No,,6a4dbc466d621994119245,"Central Library, B&CC, Booth 1",No,,,,,,,1,0,"Central, B&CC","No, not a one-on-one",,,,,,,,,,,
Calendar of Events,English,7/8/2026 11:00:00 AM,"Central, B&CC",Central,1,Public Reservation,,No,No,,Meeting Room,2,No,No,1,Adults,No,No,No,,6a48c0c755626082252161,"Central Library, B&CC, Booth 2",No,,,,,,,1,0,"Central, B&CC","No, not a one-on-one",,,,,,,,,,,
Calendar of Events,English,7/8/2026 11:15:00 AM,"Central, B&CC",Central,1,Public Reservation,,No,No,,Meeting Room,2,No,No,2,Adults,No,No,No,,6a4e6534ed433177562046,"Central Library, B&CC, Booth 5",No,,,,,,,2,0,"Central, B&CC","No, not a one-on-one",,,,,,,,,,,
Calendar of Events,English,7/8/2026 11:15:00 AM,"Central, B&CC",Central,1,Public Reservation,,No,No,,Meeting Room,1.25,No,No,1,Adults,No,No,No,,6a4e357e7a108562969158,"Central Library, B&CC, Booth 6",No,,,,,,,1,0,"Central, B&CC","No, not a one-on-one",,,,,,,,,,,
Calendar of Events,English,7/8/2026 11:45:00 AM,"Central, B&CC",Central,1,Public Reservation,,No,No,,Meeting Room,1.25,No,No,1,Adults,No,No,No,,6a4e70aa479a8739766959,"Central Library, B&CC, Meeting Room 10",No,,,,,,,1,0,"Central, B&CC","No, not a one-on-one",,,,,,,,,,,
Calendar of Events,English,7/8/2026 12:15:00 PM,"Central, B&CC",Central,1,Public Reservation,,No,No,,Meeting Room,2,No,No,1,Adults,No,No,No,,6a4e49840c44b312539952,"Central Library, B&CC, Meeting Room 8",No,,,Zoom meetings,,,,1,0,"Central, B&CC","No, not a one-on-one",,,,,,,,,,,
Calendar of Events,English,7/8/2026 12:15:00 PM,"Central, B&CC",Central,1,Public Reservation,,No,No,,Meeting Room,2,No,No,1,Adults,No,No,No,,6a4aaf395efc9759751121,"Central Library, B&CC, Meeting Room 9",No,,,B,,,,1,0,"Central, B&CC","No, not a one-on-one",,,,,,,,,,,
Calendar of Events,English,7/8/2026 12:30:00 PM,"Central, B&CC",Central,1,Public Reservation,,No,No,,Meeting Room,1,No,No,1,Adults,No,No,No,,6a4e715e5673d313798060,"Central Library, B&CC, Booth 6",No,,,Consultation Call,,,,1,0,"Central, B&CC","No, not a one-on-one",,,,,,,,,,,
Calendar of Events,English,7/8/2026 12:30:00 PM,"Central, B&CC",Central,1,Public Reservation,,No,No,,Meeting Room,1.5,No,No,1,Adults,No,No,No,,6a4e7845c80df943972440,"Central Library, B&CC, Booth 4",No,,,Zoom meetings,,,,1,0,"Central, B&CC","No, not a one-on-one",,,,,,,,,,,
Calendar of Events,English,7/8/2026 1:00:00 PM,"Central, B&CC",Central,1,Public Reservation,,No,No,,Meeting Room,2,No,No,6,Adults,No,No,No,,6a4bb559e5099392730038,"Central Library, B&CC, Meeting Room 7",No,,,Staff  training,,,,6,0,"Central, B&CC","No, not a one-on-one",,,,,,,,,,,
Calendar of Events,English,7/8/2026 1:00:00 PM,"Central, B&CC",Central,1,Public Reservation,,No,No,,Meeting Room,1.5,No,No,6,Adults,No,No,No,,6a4e6e419cb9d337455436,"Central Library, B&CC, Meeting Room 10",No,,,Coworking,,,,6,0,"Central, B&CC","No, not a one-on-one",,,,,,,,,,,
Calendar of Events,English,7/8/2026 1:00:00 PM,"Central, B&CC",Central,1,Public Reservation,,No,No,,Meeting Room,1,No,No,1,Adults,No,No,No,,6a4e5de7ee557703011256,"Central Library, B&CC, Booth 3",No,,,,,,,1,0,"Central, B&CC","No, not a one-on-one",,,,,,,,,,,
Calendar of Events,English,7/8/2026 1:00:00 PM,"Central, B&CC",Central,1,Public Reservation,,No,No,,Meeting Room,1,No,No,1,Adults,No,No,No,,6a4e83512a460974542823,"Central Library, B&CC, Booth 2",No,,,,,,,1,0,"Central, B&CC","No, not a one-on-one",,,,,,,,,,,
Calendar of Events,English,7/8/2026 1:15:00 PM,"Central, B&CC",Central,1,Public Reservation,,No,No,,Meeting Room,1,No,No,1,Adults,No,No,No,,6a4e85270039b372494860,"Central Library, B&CC, Booth 1",No,,,PO additional session,,,,1,0,"Central, B&CC","No, not a one-on-one",,,,,,,,,,,
Calendar of Events,English,7/8/2026 1:30:00 PM,"Central, B&CC",Central,1,Public Reservation,,No,No,,Meeting Room,1.5,No,No,1,Adults,No,No,No,,6a4e8c6f98b2d926176129,"Central Library, B&CC, Booth 6",No,,,,,,,1,0,"Central, B&CC","No, not a one-on-one",,,,,,,,,,,
Calendar of Events,English,7/8/2026 2:00:00 PM,"Central, B&CC",Central,1,Public Reservation,,No,No,,Meeting Room,2,No,No,1,Adults,No,No,No,,6a4e8efb1d721190451553,"Central Library, B&CC, Booth 2",No,,,,,,,1,0,"Central, B&CC","No, not a one-on-one",,,,,,,,,,,
Calendar of Events,English,7/8/2026 2:30:00 PM,"Central, B&CC",Central,1,Public Reservation,,No,No,,Meeting Room,1,No,No,2,Adults,No,No,No,,6a4e97026c2d6887527965,"Central Library, B&CC, Booth 1",No,,,meeting,,,,2,0,"Central, B&CC","No, not a one-on-one",,,,,,,,,,,
Calendar of Events,English,7/8/2026 2:30:00 PM,"Central, B&CC",Central,1,Public Reservation,,No,No,,Meeting Room,2,No,No,1,Adults,No,No,No,,6a4e547ae87a0888514556,"Central Library, B&CC, Meeting Room 9",No,,,,,,,1,0,"Central, B&CC","No, not a one-on-one",,,,,,,,,,,
Calendar of Events,English,7/8/2026 2:30:00 PM,"Central, B&CC",Central,1,Public Reservation,,No,No,,Meeting Room,2,No,No,1,Adults,No,No,No,,6a44d26913127082286192,"Central Library, B&CC, Meeting Room 10",No,,,,,,,1,0,"Central, B&CC","No, not a one-on-one",,,,,,,,,,,
Calendar of Events,English,7/8/2026 2:45:00 PM,"Central, B&CC",Central,1,Public Reservation,,No,No,,Meeting Room,1.25,No,No,1,Adults,No,No,No,,6a4e98923ba1f732992204,"Central Library, B&CC, Booth 3",No,,,,,,,1,0,"Central, B&CC","No, not a one-on-one",,,,,,,,,,,
Calendar of Events,English,7/8/2026 2:45:00 PM,"Central, B&CC",Central,1,Public Reservation,,No,No,,Meeting Room,1.5,No,No,1,Adults,No,No,No,,6a4e9cedb1fd9107224047,"Central Library, B&CC, Booth 4",No,,,,,,,1,0,"Central, B&CC","No, not a one-on-one",,,,,,,,,,,
Calendar of Events,English,7/8/2026 3:00:00 PM,"Central, B&CC",Central,1,Public Reservation,,No,No,,Meeting Room,2,No,No,1,Adults,No,No,No,,6a4e9e56b78e3175099738,"Central Library, B&CC, Booth 6",No,,,,,,,1,0,"Central, B&CC","No, not a one-on-one",,,,,,,,,,,
Calendar of Events,English,7/8/2026 3:45:00 PM,"Central, B&CC",Central,1,Public Reservation,,No,No,,Meeting Room,1.5,No,No,1,Adults,No,No,No,,6a4e7aef59458141557156,"Central Library, B&CC, Meeting Room 7",No,,,meeting,,,,1,0,"Central, B&CC","No, not a one-on-one",,,,,,,,,,,
Calendar of Events,English,7/8/2026 3:45:00 PM,"Central, B&CC",Central,1,Public Reservation,,No,No,,Meeting Room,2,No,No,1,Adults,No,No,No,,6a4ea59606f42823857893,"Central Library, B&CC, Booth 5",No,,,,,,,1,0,"Central, B&CC","No, not a one-on-one",,,,,,,,,,,
Calendar of Events,English,7/8/2026 4:00:00 PM,"Central, B&CC",Central,1,Public Reservation,,No,No,,Meeting Room,0.5,No,No,1,Adults,No,No,No,,6a4cd3b337c26143672642,"Central Library, B&CC, Booth 2",No,,,Prep for online class @4:30pm,,,,1,0,"Central, B&CC","No, not a one-on-one",,,,,,,,,,,
Calendar of Events,English,7/8/2026 4:00:00 PM,"Central, B&CC",Central,1,Public Reservation,,No,No,,Meeting Room,1.25,No,No,2,Adults,No,No,No,,6a4d8d73f3a79966104630,"Central Library, B&CC, Booth 1",No,,,Reading group,,,,2,0,"Central, B&CC","No, not a one-on-one",,,,,,,,,,,
Calendar of Events,English,7/8/2026 4:00:00 PM,"Central, B&CC",Central,1,Public Reservation,,No,No,,Meeting Room,2,No,No,1,Adults,No,No,No,,6a4ac52c05c10802093838,"Central Library, B&CC, Booth 3",No,,,Work,,,,1,0,"Central, B&CC","No, not a one-on-one",,,,,,,,,,,
Calendar of Events,English,7/8/2026 4:15:00 PM,"Central, B&CC",Central,1,Public Reservation,,No,No,,Meeting Room,1,No,No,2,Adults,No,No,No,,6a4eaaebdf97d873015892,"Central Library, B&CC, Booth 4",No,,,,,,,2,0,"Central, B&CC","No, not a one-on-one",,,,,,,,,,,
Calendar of Events,English,7/8/2026 4:30:00 PM,"Central, B&CC",Central,1,Public Reservation,,No,No,,Meeting Room,2,No,No,2,Adults,No,No,No,,6a4e9fc787f44663537504,"Central Library, B&CC, Meeting Room 9",No,,,Study,,,,2,0,"Central, B&CC","No, not a one-on-one",,,,,,,,,,,
Calendar of Events,English,7/8/2026 4:30:00 PM,"Central, B&CC",Central,1,Public Reservation,,No,No,,Meeting Room,2,No,No,1,Adults,No,No,No,,6a4eb2a259f9c944648196,"Central Library, B&CC, Booth 2",No,,,,,,,1,0,"Central, B&CC","No, not a one-on-one",,,,,,,,,,,
Calendar of Events,English,7/8/2026 5:00:00 PM,"Central, B&CC",Central,1,Public Reservation,,No,No,,Meeting Room,2,No,No,1,Adults,No,No,No,,6a4c110dbf7a6211873378,"Central Library, B&CC, Booth 6",No,,,PhD focused work.,,,,1,0,"Central, B&CC","No, not a one-on-one",,,,,,,,,,,
Calendar of Events,English,7/8/2026 5:00:00 PM,"Central, B&CC",Central,1,Public Reservation,,No,No,,Meeting Room,2,No,No,1,Adults,No,No,No,,6a44d29975008085014823,"Central Library, B&CC, Meeting Room 10",No,,,"Studying, Writing",,,,1,0,"Central, B&CC","No, not a one-on-one",,,,,,,,,,,
Calendar of Events,English,7/8/2026 5:15:00 PM,"Central, B&CC",Central,1,Public Reservation,,No,No,,Meeting Room,2,No,No,1,Adults,No,No,No,,6a4ebdd218c80605137652,"Central Library, B&CC, Booth 4",No,,,,,,,1,0,"Central, B&CC","No, not a one-on-one",,,,,,,,,,,
Calendar of Events,English,7/8/2026 5:15:00 PM,"Central, B&CC",Central,1,Public Reservation,,No,No,,Meeting Room,2,No,No,1,Adults,No,No,No,,6a4eb914bbbe9745539933,"Central Library, B&CC, Meeting Room 8",No,,,,,,,1,0,"Central, B&CC","No, not a one-on-one",,,,,,,,,,,
Calendar of Events,English,7/8/2026 5:15:00 PM,"Central, B&CC",Central,1,Public Reservation,,No,No,,Meeting Room,2.25,No,No,1,Adults,No,No,No,,6a4ebd5fbdc07683188317,"Central Library, B&CC, Booth 1",No,,,,,,,1,0,"Central, B&CC","No, not a one-on-one",,,,,,,,,,,
Calendar of Events,English,7/8/2026 5:30:00 PM,"Central, B&CC",Central,1,Public Reservation,,No,No,,Meeting Room,0.5,No,No,1,Adults,No,No,No,,6a4ec320c6590590396158,"Central Library, B&CC, Meeting Room 7",No,,,"PATRN NAME	DAVIS, MATTHEW V
P BARCODE	21111041030487",,,,1,0,"Central, B&CC","No, not a one-on-one",,,,,,,,,,,
Calendar of Events,English,7/8/2026 5:45:00 PM,"Central, B&CC",Central,1,Public Reservation,,No,No,,Meeting Room,1.25,No,No,1,Adults,No,No,No,,6a4ec4cff283c469686498,"Central Library, B&CC, Booth 5",No,,,Recharging of devices + work,,,,1,0,"Central, B&CC","No, not a one-on-one",,,,,,,,,,,
Calendar of Events,English,7/8/2026 6:00:00 PM,"Central, B&CC",Central,1,Public Reservation,,No,No,,Meeting Room,1,No,No,5,Adults,No,No,No,,6a4e7e4c2411f080200958,"Central Library, B&CC, Meeting Room 7",No,,,,,,,5,0,"Central, B&CC","No, not a one-on-one",,,,,,,,,,,
Calendar of Events,English,7/8/2026 6:00:00 PM,"Central, B&CC",Central,1,Public Reservation,,No,No,,Meeting Room,0.75,No,No,2,Adults,No,No,No,,6a4ec5c05d3da453534080,"Central Library, B&CC, Booth 3",No,,,,,,,2,0,"Central, B&CC","No, not a one-on-one",,,,,,,,,,,
Calendar of Events,English,7/8/2026 6:30:00 PM,"Central, B&CC",Central,1,Public Reservation,,No,No,,Meeting Room,1,No,No,2,Adults,No,No,No,,6a4ec5d4228a2345367939,"Central Library, B&CC, Booth 2",No,,,,,,,2,0,"Central, B&CC","No, not a one-on-one",,,,,,,,,,,
Calendar of Events,English,7/8/2026 6:30:00 PM,"Central, B&CC",Central,1,Public Reservation,,No,No,,Meeting Room,1,No,No,6,Adults,No,No,No,,6a49016d34e14035535206,"Central Library, B&CC, Meeting Room 9",No,,,meeting for 350BK plastic free committee,,,,6,0,"Central, B&CC","No, not a one-on-one",,,,,,,,,,,
Calendar of Events,English,7/8/2026 6:45:00 PM,"Central, B&CC",Central,1,Public Reservation,,No,No,,Meeting Room,1,No,No,1,Adults,No,No,No,,6a3b19ca884bb501864016,"Central Library, B&CC, Booth 3",No,,,Appt with my psychiatrist who only does telehealth,,,,1,0,"Central, B&CC","No, not a one-on-one",,,,,,,,,,,
Calendar of Events,English,7/8/2026 7:00:00 PM,"Central, B&CC",Central,1,Public Reservation,,No,No,,Meeting Room,0.75,No,No,7,Adults,No,No,No,,6a43cb221f0c2138931245,"Central Library, B&CC, Meeting Room 7",No,,,meeting,,,,7,0,"Central, B&CC","No, not a one-on-one",,,,,,,,,,,
Calendar of Events,English,7/8/2026 6:30:00 AM,East Flatbush,Flatbush,1,Birch Family Services,Games,No,No,,Visit,1.5,No,No,6,Adults,No,No,No,,834533,"East Flatbush, Large Conference Room",No,,Maxine Hannam,,Group,Birch Family Service,,6,0,East Flatbush,"No, not a one-on-one",,,,,,,0,0,0,,
Calendar of Events,English,7/8/2026 10:45:00 AM,Flatlands,Flatbush,1,Outreach to Grant House Unity,Civic Engagement & Rights,No,No,,Outreach,0.25,No,No,20,Kids,No,No,No,,834687,Flatlands Library,No,,Michael Condon,,Government/Social Services Agency,Grant House Unity Corp,Flatlands Library,20,0,Flatlands,"No, not a one-on-one",,,,,,,0,0,0,,
Calendar of Events,English,7/8/2026 10:00:00 AM,Sunset Park,New Utrecht,1,Class Visit: C.V. PS 971 CFL Gr. 3,Juv & YA Education,No,No,,Visit,1,No,No,25,Kids,No,No,No,,834812,"Sunset Park, Multipurpose Room B",No,"P.S. 971 School of Math, Science, and Healthy Living",Ana Alzugaray,,School,,,25,0,Sunset Park,"No, not a one-on-one",,,,,,,0,0,0,,
Calendar of Events,English,7/8/2026 9:00:00 AM,Homecrest,Kings Highway,1,Chess Class,Games,No,No,,Meeting Room,2,No,No,10,Teens,No,No,No,,826565,"Homecrest, Meeting Room",No,P.S. 195 Manhattan Beach,Lisa/ Michael Tam,,School,,,10,0,Homecrest,"No, not a one-on-one",,,,,,,0,0,0,,
Calendar of Events,English,7/8/2026 12:00:00 PM,"Central, Youth Wing",Central,1,BookMatch Teen,Reading & Writing,No,No,,Program,1.5,No,No,12,Teens,No,No,No,Youth Wing,834753,"Central Library, Youth Wing",No,,,,,,,12,0,"Central, Youth Wing","No, not a one-on-one",,,,,,,0,0,0,,
Calendar of Events,English,7/8/2026 6:00:00 AM,Central,Central,1,Beginning Hebrew Conversation for Adults,Adult Education,Yes,No,"hebrew, multilingual",Program,1.5,No,Yes,7,Adults,No,No,No,Central Adult Services,828518,Central Library,No,,Howard Berman and Debbie Markowitz,,,,,7,0,Central,"No, not a one-on-one",,,,,,,0,0,0,,
Calendar of Events,English,7/8/2026 12:00:00 PM,Central,Central,1,Healthy Hearing Series: Sound as Culture,Health & Wellness,Yes,No,"health and wellness, Healthy Communities",Program,1,No,Yes,19,Adults,No,Yes,No,Community Health (Outreach Dept),820417,Central Library,No,,Liberty Hearing Centers,,,,,19,0,Central,"No, not a one-on-one",,,,,,,0,0,0,,
Calendar of Events,"Chinese, English",7/8/2026 8:00:00 AM,Dyker,New Utrecht,1,Painting American Eagles and other Birds of Prey with Henry Li,"Crafting, Digital Media, Making",Yes,No,"America 250, arts and crafts, celebrate heritage, multilingual",Program,2,No,Yes,105,OlderAdults,Yes,No,No,,830350,"Dyker Library, Auditorium",No,,Henry Li,,,,,53,52,Dyker,"No, not a one-on-one",,,,,,,0,0,0,,
Calendar of Events,English,7/8/2026 10:30:00 AM,Central,Central,1,Creative Aging: For Once In My Life with Ari Satok,Reading & Writing,Yes,No,"creative aging, creative writing, Virtual Programming",Program,1.5,No,Yes,19,OlderAdults,Yes,Yes,No,Older Adults,827949,Central Library,No,,,,,,,19,0,Central,"No, not a one-on-one",,,,,,,0,0,0,,
Calendar of Events,English,7/8/2026 1:00:00 PM,Central,Central,1,Free Online English Class (We Speak NYC),Adult Education,Yes,No,"ESOL, Immigrant Services, WeSpeakNYC",Program,2,No,Yes,11,Adults,No,No,No,Adult Learning,834590,Central Library,Yes,,Nico Salvador,,,,,11,0,Central,"No, not a one-on-one",,,,,,,0,0,0,,
Calendar of Events,English,7/8/2026 12:00:00 PM,McKinley Park,New Utrecht,1,Summer @ BPL: Map Your World with Community-Word Project,"Crafting, Digital Media, Making",Yes,No,"arts and crafts, summer reading, teen time",Program,1,No,No,7,Teens,No,No,No,PED,827475,"McKinley Park, Meeting Room",No,,Megan with Community Word Project,,,,,7,0,McKinley Park,"No, not a one-on-one",,,,,,,0,0,0,,
Calendar of Events,English,7/8/2026 10:30:00 AM,New Utrecht,New Utrecht,1,Teen Lounge,"Crafting, Digital Media, Making",Yes,No,"teen tech time, teen time",Program,2,No,No,9,Teens,No,No,No,,833245,"New Utrecht, J Meeting Room",No,,,,,,,9,0,New Utrecht,"No, not a one-on-one",,,,,,,0,0,0,,
Calendar of Events,English,7/8/2026 12:00:00 PM,Sunset Park,New Utrecht,1,Teen Time: Postcard Writing,"Crafting, Digital Media, Making",Yes,No,"arts and crafts, creative writing, summer reading, teen time",Program,1,No,No,8,Teens,No,No,No,,832244,Sunset Park Library,No,,Claire Linn/Amanda Giglio,,,,,8,0,Sunset Park,"No, not a one-on-one",,,,,,,0,0,0,,
Calendar of Events,English,7/8/2026 9:00:00 AM,Coney Island,New Utrecht,1,Summer Meal Kids Movies @ the Library - Elio,"Dance, Music, Movies, & Performance",Yes,No,"free summer meals, kids, movies, movies at the library",Program,2,No,No,18,Teens,No,No,No,,827500,Coney Island Library,No,,Lauren Marchisotto,,,,,18,0,Coney Island,"No, not a one-on-one",,,,,,,0,0,0,,
Calendar of Events,English,7/8/2026 11:30:00 AM,Coney Island,New Utrecht,1,Hip Hop Dancing for Teens and Tweens,"Dance, Music, Movies, & Performance",Yes,No,dance fitness and classes,Program,1.25,No,No,10,Teens,No,No,No,,811268,Coney Island Library,No,,Yancy Greene/Lauren Marchisotto,,,,,10,0,Coney Island,"No, not a one-on-one",,,,,,,0,0,0,,
Calendar of Events,English,7/8/2026 12:00:00 PM,Highlawn,New Utrecht,1,Teen Time,Games,Yes,No,"after school, DIY, teen time",Program,1,No,No,3,Teens,No,No,No,,832800,"Highlawn, Meeting Room",No,,Liv Baerga,,,,,3,0,Highlawn,"No, not a one-on-one",,,,,,,0,0,0,,
Calendar of Events,English,7/8/2026 9:00:00 AM,Ulmer Park,New Utrecht,1,Kids/Teen Game On!,Games,Yes,No,"after school, game on, summer reading, table-top & board games",Program,4,No,No,4,Teens,No,No,No,,831698,Ulmer Park Library,No,,,,,,,4,0,Ulmer Park,"No, not a one-on-one",,,,,,,0,0,0,,
Calendar of Events,English,7/8/2026 11:00:00 AM,Red Hook,No Region,1,Teen Gaming Party,Games,Yes,No,"gaming for teens, teen time",Program,1.5,No,No,0,Teens,No,No,No,,830609,Red Hook Interim Library,No,,,,,,,0,0,No Branch,"No, not a one-on-one",,,,,,,0,0,0,,
Calendar of Events,English,7/8/2026 12:00:00 PM,Park Slope,Park Slope,1,Teen Time: Arts and Crafts,"Crafting, Digital Media, Making",Yes,No,"arts and crafts, DIY, teen time",Program,1.25,No,No,1,Teens,No,No,No,,823916,"Park Slope, Auditorium",No,,,,,,,1,0,Park Slope,"No, not a one-on-one",,,,,,,0,0,0,,
Calendar of Events,English,7/8/2026 12:00:00 PM,Williamsburgh,Park Slope,1,Wire Wrapped Jewelry Making,"Crafting, Digital Media, Making",Yes,No,"arts and crafts, DIY, jewelry making, skillshare",Program,1,No,No,5,Teens,No,No,No,,830533,Williamsburgh Library,No,,,,,,,5,0,Williamsburgh,"No, not a one-on-one",,,,,,,0,0,0,,
Calendar of Events,English,7/8/2026 12:00:00 PM,Brooklyn Heights,Park Slope,1,Game On:  Board Games for Teens,Games,Yes,No,"gaming for teens, teen time",Program,1,No,No,4,Teens,No,No,No,,834070,"Brooklyn Heights Library, Gaming Room",No,,Kristina Minor,,,,,4,0,Brooklyn Heights,"No, not a one-on-one",,,,,,,0,0,0,,
Calendar of Events,English,7/8/2026 6:00:00 AM,Adams Street,Park Slope,1,Take & Create: D.I.Y. Postcard Kits,Reading & Writing,Yes,No,"arts and crafts, creative writing, summer reading",Program,8,No,No,50,Teens,No,No,No,,831428,Adams Street Library,No,,Katie Vermilyea,,,,,50,0,Adams Street,"No, not a one-on-one",,,,,,,0,0,0,,
Calendar of Events,English,7/8/2026 6:00:00 AM,Flatlands,Flatbush,1,Passport Acceptance Event,Civic Engagement & Rights,Yes,No,Civic Engagement,Program,4,No,No,28,Adults,No,No,No,,834498,Flatlands Library,No,,"Assemblymember Kalman Yeger's staff, Samuel Isakov, Michael Condon",,,,,28,0,Flatlands,"Yes, this session was designed as one-on-one",,,,,,,0,0,0,,
Calendar of Events,English,7/8/2026 10:30:00 AM,Williamsburgh,Park Slope,1,Free Sew,"Crafting, Digital Media, Making",Yes,No,"arts and crafts, fiber arts, Sew Brooklyn",Program,1.5,No,No,0,Teens,No,No,No,,834295,"Williamsburgh, Community Room",No,,,,,,,0,0,Williamsburgh,"Yes, this session was designed as one-on-one",,,,,,,0,0,0,,
Calendar of Events,English,7/8/2026 10:00:00 AM,Gerritsen Beach,Kings Highway,1,Gerritsen Beach Job & Tech Help,Career & Prof Dev,Yes,No,"career, e-books, email, resume, techknowledge",Program,2,No,No,0,Adults,No,No,Yes,,833927,Gerritsen Beach Library,No,,Liv Highfill,,,,,0,0,Gerritsen Beach,"No, not a one-on-one",,,,,,,0,0,0,,
Calendar of Events,English,7/8/2026 9:00:00 AM,Cypress Hills,New Lots,1,Cypress Hills Resume Help,Adult Education,Yes,No,"adult learning, resume",Program,1,No,No,1,Adults,No,No,Yes,,824789,Cypress Hills Library,No,,,,,,,1,0,Cypress Hills,"No, not a one-on-one",,,,,,,0,0,0,,
Calendar of Events,English,7/8/2026 6:00:00 AM,"Central, B&CC",Central,1,Multilingual Business Help,Career & Prof Dev,Yes,No,"business, career, Immigrant Services, multilingual, small business",Program,2,No,No,3,Adults,No,No,Yes,"Business & Career Center, II2526 grant",812239,"Central Library, Business & Career Center",No,,B&CC | Yaël David,,,,,3,0,"Central, B&CC","Yes, this session was designed as one-on-one",,,,,,,0,0,0,,
Calendar of Events,English,7/8/2026 11:00:00 AM,"Central, B&CC",Central,1,Drop-In Resume & Career Help (Central Library),Career & Prof Dev,Yes,No,"business, career, resume",Program,2,No,No,3,Adults,No,No,Yes,Business & Career Center,828123,"Central Library, Business & Career Center",No,,djaz,,,,,3,0,"Central, B&CC","Yes, this session was designed as one-on-one",,,,,,,0,0,0,,
Calendar of Events,English,7/8/2026 10:00:00 AM,East Flatbush,Flatbush,1,Multilingual Business Help,Career & Prof Dev,Yes,No,"business, career, Immigrant Services, multilingual, small business",Program,2,No,No,4,Adults,No,No,Yes,"Business & Career Center, II2526 grant",812216,East Flatbush Library,No,,B&CC | Yaël David,,,,,4,0,East Flatbush,"Yes, this session was designed as one-on-one",,,,,,,0,0,0,,
Calendar of Events,English,7/8/2026 7:00:00 AM,Rugby,Flatbush,1,Drop In Resume Help,Career & Prof Dev,Yes,No,"career, resume",Program,2,No,No,2,Teens,No,No,Yes,,821682,Rugby Library,No,,,,,,,2,0,Rugby,"Yes, this session was designed as one-on-one",,,,,,,0,0,0,,
Calendar of Events,English,7/8/2026 7:00:00 AM,Greenpoint,Crown Heights,1,Brooklyn Supports,Health & Wellness,Yes,No,"benefit assistance, Healthy Communities, mental health, social services",Program,2,No,No,6,Adults,No,Yes,No,"Community Health (Outreach Dept), Outreach Services Department",831364,Greenpoint Library,No,,"Lisa Shankweiler, LCSW",,,,Greenpoint Library,6,0,Greenpoint,"No, not a one-on-one",,,,,,,0,0,0,,
Calendar of Events,English,7/8/2026 11:00:00 AM,Paerdegat,Flatbush,1,Seated Exercise,Health & Wellness,Yes,No,"health and wellness, Healthy Communities",Program,1,No,No,0,Adults,No,Yes,No,,830403,"Paerdegat, Meeting Room",No,,,,,,,0,0,Paerdegat,"No, not a one-on-one",,,,,,,0,0,0,,
Calendar of Events,English,7/8/2026 11:00:00 AM,Bay Ridge,New Utrecht,1,Playtime,Passive Programs,Yes,No,"early literacy, first five years, kids",Program,1,No,No,30,BirthToFiveYears,No,No,No,,821811,"Bay Ridge Library, Children's Program Room",No,,tina sclafani,,,,,30,0,Bay Ridge,"No, not a one-on-one",,,,,,,0,0,0,,
Calendar of Events,English,7/8/2026 7:00:00 AM,Bay Ridge,New Utrecht,1,Storytime,Story times,Yes,No,"early literacy, first five years, preschool, storytime",Program,0.5,No,No,35,BirthToFiveYears,No,No,No,,833773,"Bay Ridge Library, Children's Program Room",No,,tina sclafani,,,,,35,0,Bay Ridge,"No, not a one-on-one",,,,,,,0,0,0,,
Calendar of Events,English,7/8/2026 6:00:00 AM,Dyker,New Utrecht,1,Toddler Time,Story times,Yes,No,"first five years, music, storytime, toddler time",Program,0.4167,No,No,16,BirthToFiveYears,No,No,No,YFS,831811,"Dyker Library, Auditorium",No,,Kayleigh Salstrand,,,,,16,0,Dyker,"No, not a one-on-one",,,,,,,0,0,0,,
Calendar of Events,English,7/8/2026 6:30:00 AM,Dyker,New Utrecht,1,Toddler Time,Story times,Yes,No,"first five years, music, storytime, toddler time",Program,0.4167,No,No,16,BirthToFiveYears,No,No,No,YFS,831814,"Dyker Library, Auditorium",No,,Kayleigh Salstrand,,,,,16,0,Dyker,"No, not a one-on-one",,,,,,,0,0,0,,
Calendar of Events,English,7/8/2026 7:00:00 AM,Dyker,New Utrecht,1,Toddler Time,Story times,Yes,No,"first five years, music, storytime, toddler time",Program,0.4167,No,No,6,BirthToFiveYears,No,No,No,YFS,831817,"Dyker Library, Auditorium",No,,Kayleigh Salstrand,,,,,6,0,Dyker,"No, not a one-on-one",,,,,,,0,0,0,,
Calendar of Events,English,7/8/2026 7:00:00 AM,Fort Hamilton,New Utrecht,1,Wednesday Morning Story Time,Story times,Yes,No,"babies & books, storytime",Program,0.5,No,No,34,BirthToFiveYears,No,No,No,,829307,Fort Hamilton Library,No,,Michelle Gonzalez,,,,,34,0,Fort Hamilton,"No, not a one-on-one",,,,,,,0,0,0,,
Calendar of Events,English,7/8/2026 7:00:00 AM,Gravesend,New Utrecht,1,Toddler Time,Story times,Yes,No,"early literacy, first five years, preschool, storytime, toddler time",Program,0.75,No,No,14,BirthToFiveYears,No,No,No,,831605,Gravesend Library,No,,michelle lin,,,,,14,0,Gravesend,"No, not a one-on-one",,,,,,,0,0,0,,
Calendar of Events,English,7/8/2026 6:30:00 AM,Highlawn,New Utrecht,1,Toddler Time,Story times,Yes,No,"early literacy, first five years, preschool, storytime, toddler time",Program,0.75,No,No,34,BirthToFiveYears,No,No,No,,830320,"Highlawn, Meeting Room",No,,Danielle Shapiro,,,,,34,0,Highlawn,"No, not a one-on-one",,,,,,,0,0,0,,
Calendar of Events,English,7/8/2026 6:00:00 AM,McKinley Park,New Utrecht,1,Toddler Time,Story times,Yes,No,"early literacy, first five years, preschool, storytime, toddler time",Program,1,No,No,36,BirthToFiveYears,No,No,No,,824949,"McKinley Park, Meeting Room",No,,,,,,,36,0,McKinley Park,"No, not a one-on-one",,,,,,,0,0,0,,
Calendar of Events,"English, Spanish",7/8/2026 9:00:00 AM,Sunset Park,New Utrecht,1,Read and Play,Story times,Yes,No,"ADHD, autism, developmental disabilities, first five years, Inclusive Services, Spanish",Program,0.75,No,No,12,BirthToFiveYears,No,No,No,Inclusive Services,817517,Sunset Park Library,No,,Henry Davis,,,,,12,0,Sunset Park,"No, not a one-on-one",,,,,,,0,0,0,,
Calendar of Events,English,7/8/2026 7:00:00 AM,Ulmer Park,New Utrecht,1,Preschool Storytime,Story times,Yes,No,storytime,Program,1,No,No,12,BirthToFiveYears,No,No,No,,832092,"Ulmer Park, Meeting Room",No,,Denise Folkes,,,,,12,0,Ulmer Park,"No, not a one-on-one",,,,,,,0,0,0,,
Calendar of Events,English,7/8/2026 7:00:00 AM,Clinton Hill,Park Slope,1,Kids Create! First 5 Years,"Crafting, Digital Media, Making",Yes,No,"first five years, kids create",Program,1,No,No,67,BirthToFiveYears,No,No,No,,831540,"Clinton Hill, Meeting Room",No,,,,,,Clinton Hill Library,67,0,Clinton Hill,"No, not a one-on-one",,,,,,,0,0,0,,
Calendar of Events,English,7/8/2026 6:45:00 AM,Pacific,Park Slope,1,Toddler Time,Passive Programs,Yes,No,"early literacy, first five years, toddler time",Program,0.5,No,No,25,BirthToFiveYears,No,No,No,,832718,"Pacific, 2nd Flr Meeting Room",No,,mshoultz,,,,,25,0,Pacific,"No, not a one-on-one",,,,,,,0,0,0,,
Calendar of Events,English,7/8/2026 7:15:00 AM,Adams Street,Park Slope,1,Babies and Books (LAPSIT BABIES ONLY),Story times,Yes,No,"babies & books, early literacy, story play",Program,0.5,No,No,27,BirthToFiveYears,No,No,No,,831193,Adams Street Library,No,,Kimberly Behan,,,,,27,0,Adams Street,"No, not a one-on-one",,,,,,,0,0,0,,
Calendar of Events,English,7/8/2026 7:15:00 AM,Carroll Gardens,Park Slope,1,Babies & Books,Story times,Yes,No,"babies & books, early literacy, first five years, storytime, summer reading",Program,0.75,No,No,80,BirthToFiveYears,No,No,No,,830053,Carroll Gardens Library,No,,Rebecca,,,,,68,12,Carroll Gardens,"No, not a one-on-one",,,,,,,0,0,0,,
Calendar of Events,English,7/8/2026 6:30:00 AM,Carroll Gardens,Park Slope,1,Toddler Time,Story times,Yes,No,"early literacy, first five years, preschool, storytime, summer reading, toddler time",Program,0.5,No,No,118,BirthToFiveYears,No,No,No,,830057,Carroll Gardens Library,No,,Rebecca,,,,,98,20,Carroll Gardens,"No, not a one-on-one",,,,,,,0,0,0,,
Calendar of Events,English,7/8/2026 6:30:00 AM,Park Slope,Park Slope,1,Park Slope Storytime,Story times,Yes,No,"first five years, storytime",Program,0.5,No,No,16,BirthToFiveYears,No,No,No,,832782,"Park Slope, Auditorium",No,,Rebecca,,,,Park Slope Library,16,0,Park Slope,"No, not a one-on-one",,,,,,,0,0,0,,
Calendar of Events,English,7/8/2026 7:00:00 AM,Park Slope,Park Slope,1,Park Slope Storytime,Story times,Yes,No,"first five years, storytime",Program,0.5,No,No,17,BirthToFiveYears,No,No,No,,832787,"Park Slope, Auditorium",No,,Rebecca,,,,Park Slope Library,17,0,Park Slope,"No, not a one-on-one",,,,,,,0,0,0,,
Calendar of Events,English,7/8/2026 7:00:00 AM,Walt Whitman,Park Slope,1,Storytime in Fort Greene Park,Story times,Yes,No,"babies & books, BPL Outdoors, early literacy, storytime, toddler time",Program,1,No,No,60,BirthToFiveYears,No,No,No,,827681,Walt Whitman Library,No,,,,,,,60,0,Walt Whitman,"No, not a one-on-one",,,,,,,0,0,0,,
Calendar of Events,English,7/8/2026 6:30:00 AM,Williamsburgh,Park Slope,1,Storytime,Story times,Yes,No,"preschool, storytime",Program,0.5,No,No,35,BirthToFiveYears,No,No,No,,827231,Williamsburgh Library,No,,TK,,,,,35,0,Williamsburgh,"No, not a one-on-one",,,,,,,0,0,0,,
Calendar of Events,English,7/8/2026 11:30:00 AM,Leonard,Crown Heights,1,Kids Explore:,Games,Yes,No,"arts and crafts, Build with Lego, kids, kids explore, music, STEM & STEAM",Program,0.75,No,No,12,Kids,No,No,No,,804366,"Leonard, Auditorium",No,,Elzbieta Krawczuk,,,,,12,0,Leonard,"No, not a one-on-one",,,,,,,0,0,0,,
Calendar of Events,English,7/8/2026 9:00:00 AM,Bedford,Crown Heights,1,Free Summer Meals,Health & Wellness,Yes,No,"first five years, free summer meals, kids, summer meals",Program,1,No,No,2,Kids,No,No,No,,826113,Bedford Library,No,,Christina Ferrari,,,,,2,0,Bedford,"No, not a one-on-one",,,,,,,0,0,0,,
Calendar of Events,English,7/8/2026 10:00:00 AM,Greenpoint,Crown Heights,1,Rooftop Garlic Harvesting,Health & Wellness,Yes,No,"BPL Outdoors, climate and the environment, gardening",Program,1,No,No,10,Kids,No,No,No,,834643,"Greenpoint, Demonstration Garden",No,,M. Day,,,,,10,0,Greenpoint,"No, not a one-on-one",,,,,,,0,0,0,,
Calendar of Events,"English, Polish",7/8/2026 12:30:00 PM,Greenpoint,Crown Heights,1,Our Garden Club,Story times,Yes,No,"ADHD, autism, developmental disabilities, gardening, Inclusive Services",Program,1,No,No,15,Kids,No,No,No,Inclusive Services,827173,"Greenpoint, Demonstration Garden",No,,"Eva Belzek, Elizabeth Inyanobor",,,,,15,0,Greenpoint,"No, not a one-on-one",,,,,,,0,0,0,,
Calendar of Events,English,7/8/2026 10:00:00 AM,Mill Basin,Flatbush,1,Grab & Go Kit,"Crafting, Digital Media, Making",Yes,No,grab and go kits,Program,4,No,No,16,Kids,No,No,No,,830148,Mill Basin Library,No,,Ann Lautner,,,,,16,0,Mill Basin,"No, not a one-on-one",,,,,,,0,0,0,,
Calendar of Events,English,7/8/2026 6:30:00 AM,Bedford,Crown Heights,1,Story Play,Story times,Yes,No,"early literacy, first five years, preschool, story play, summer reading",Program,0.75,No,No,41,BirthToFiveYears,No,No,No,,831306,"Bedford Library, Auditorium",No,,Rachel Weiss,,,,,41,0,Bedford,"No, not a one-on-one",,,,,,,0,0,0,,
Calendar of Events,English,7/8/2026 6:30:00 AM,Brower Park,Crown Heights,1,Storytime in the Park for Toddlers,Story times,Yes,No,"BPL Outdoors, early literacy, first five years, storytime, summer reading, toddler time",Program,0.5,No,No,70,BirthToFiveYears,No,No,No,,817600,Brower Park Library,No,,,,,,,70,0,Brower Park,"No, not a one-on-one",,,,,,,0,0,0,,
Calendar of Events,English,7/8/2026 7:15:00 AM,Brower Park,Crown Heights,1,Storytime in the Park for Babies,Story times,Yes,No,"babies & books, BPL Outdoors, early literacy, first five years, storytime",Program,0.5,No,No,50,BirthToFiveYears,No,No,No,,817617,Brower Park Library,No,,,,,,,50,0,Brower Park,"No, not a one-on-one",,,,,,,0,0,0,,
Calendar of Events,English,7/8/2026 6:30:00 AM,Crown Heights,Crown Heights,1,Lora Heller - Baby Fingers: A Musical Journey through Language and Learning,Story times,Yes,No,"babies & books, sign language",Program,1,No,No,38,BirthToFiveYears,No,No,No,,829892,Crown Heights Library,No,,,,,,,38,0,Crown Heights,"No, not a one-on-one",,,,,,,0,0,0,,
Calendar of Events,"English, Polish",7/8/2026 9:00:00 AM,Greenpoint,Crown Heights,1,Read and Play,Story times,Yes,No,"ADHD, autism, developmental disabilities, first five years, Inclusive Services",Program,0.75,No,No,21,BirthToFiveYears,No,No,No,Inclusive Services,827185,Greenpoint Library,No,,"Eva Belzek, Elizabeth Inyanobor",,,,,21,0,Greenpoint,"No, not a one-on-one",,,,,,,0,0,0,,
Calendar of Events,English,7/8/2026 6:30:00 AM,Leonard,Crown Heights,1,Toddler Storytime,Story times,Yes,No,"storytime, toddler time",Program,0.75,No,No,48,BirthToFiveYears,No,No,No,,820361,"Leonard, Auditorium",No,,Elzbieta Krawczuk,,,,,48,0,Leonard,"No, not a one-on-one",,,,,,,0,0,0,,
Calendar of Events,English,7/8/2026 8:25:00 AM,Leonard,Crown Heights,1,Toddler Storytime- session2,Story times,Yes,No,"storytime, toddler time",Program,0.5833,No,No,28,BirthToFiveYears,No,No,No,,834543,"Leonard, Auditorium",No,,Elzbieta Krawczuk,,,,,28,0,Leonard,"No, not a one-on-one",,,,,,,0,0,0,,
Calendar of Events,English,7/8/2026 6:30:00 AM,Marcy,Crown Heights,1,Story Play,Story times,Yes,No,"early literacy, first five years, preschool, story play",Program,0.9167,No,No,60,BirthToFiveYears,No,No,No,,832413,"Marcy, Meeting Room",No,,Traci Barrow,,,,,60,0,Marcy,"No, not a one-on-one",,,,,,,0,0,0,,
Calendar of Events,English,7/8/2026 7:00:00 AM,Cortelyou,Flatbush,1,Toddler Time,Story times,Yes,No,"early literacy, first five years, preschool, storytime",Program,0.5,No,No,30,BirthToFiveYears,No,No,No,,829290,Cortelyou Library,No,,Cecelia Cortez,Another well attended storytime -- this session was on movement. Cecelia read Steve Jenkins Move and made animal cutouts for kids to explore and color.,,,,30,0,Cortelyou,"No, not a one-on-one",,,,,,,0,0,0,,
Calendar of Events,English,7/8/2026 7:00:00 AM,Flatbush,Flatbush,1,"Ready, Set, Kindergarten!",Story times,Yes,No,"early literacy, preschool storytime, ready set kindergarten",Program,0.75,No,No,21,BirthToFiveYears,No,No,No,,834419,Flatbush Library,No,,,,,,,21,0,Flatbush,"No, not a one-on-one",,,,,,,0,0,0,,
Calendar of Events,English,7/8/2026 7:00:00 AM,Mill Basin,Flatbush,1,Storytime,Story times,Yes,No,"early literacy, first five years, preschool, storytime",Program,0.5,No,No,17,BirthToFiveYears,No,No,No,,827731,Mill Basin Library,No,,Ann Lautner,,,,Mill Basin Library,17,0,Mill Basin,"No, not a one-on-one",,,,,,,0,0,0,,
Calendar of Events,English,7/8/2026 7:00:00 AM,Brighton Beach,Kings Highway,1,Story Play,Story times,Yes,No,"early literacy, first five years, preschool, story play",Program,0.75,No,No,13,BirthToFiveYears,No,No,No,,827000,"Brighton Beach Library, Auditorium",No,,Julianne Desjardins,,,,,13,0,Brighton Beach,"No, not a one-on-one",,,,,,,0,0,0,,
Calendar of Events,English,7/8/2026 7:00:00 AM,Gerritsen Beach,Kings Highway,1,Storytime,Story times,Yes,No,"early literacy, first five years, preschool, storytime",Program,1,No,No,21,BirthToFiveYears,No,No,No,,825569,"Gerritsen Beach, Small Program Room",No,,Sabrina Abreu Gonzalez,,,,,21,0,Gerritsen Beach,"No, not a one-on-one",,,,,,,0,0,0,,
Calendar of Events,English,7/8/2026 7:00:00 AM,Homecrest,Kings Highway,1,Toddler Time,Story times,Yes,No,"first five years, music, storytime, toddler time",Program,0.5,No,No,3,BirthToFiveYears,No,No,No,,826657,Homecrest Library,No,,v.allston/a.savitsky,,,,,3,0,Homecrest,"No, not a one-on-one",,,,,,,0,0,0,,
Calendar of Events,English,7/8/2026 7:00:00 AM,Kensington,Kings Highway,1,Story Play,Story times,Yes,No,"first five years, storytime, summer reading",Program,0.75,No,No,61,BirthToFiveYears,No,No,No,,824163,Kensington Library,No,,"Emma Mamula, Children's Librarian",,,,,61,0,Kensington,"No, not a one-on-one",,,,,,,0,0,0,,
Calendar of Events,English,7/8/2026 7:00:00 AM,Sheepshead Bay,Kings Highway,1,"Baby Playtime: Learn, Play, Grow!",Story times,Yes,No,"first five years, story play",Program,0.6667,No,No,13,BirthToFiveYears,No,No,No,,826478,Sheepshead Bay Library,No,,,,,,,13,0,Sheepshead Bay,"No, not a one-on-one",,,,,,,0,0,0,,
Calendar of Events,"English, Spanish",7/8/2026 6:30:00 AM,Arlington,New Lots,1,Toddler Time,Story times,Yes,No,"early literacy, first five years, preschool, storytime, toddler time",Program,1.5,No,No,23,BirthToFiveYears,No,No,No,,822144,"Arlington Library, Program Room",No,,Maribel N H,,,,,23,0,Arlington,"No, not a one-on-one",,,,,,,0,0,0,,
Calendar of Events,"English, Spanish",7/8/2026 6:30:00 AM,Arlington,New Lots,1,Toddler Time,Story times,Yes,No,"early literacy, first five years, preschool, storytime, toddler time",Program,2,No,No,23,BirthToFiveYears,No,No,No,,818708,"Arlington Library, Program Room",No,,Maribel N H,,,,,23,0,Arlington,"No, not a one-on-one",,,,,,,0,0,0,,
Calendar of Events,English,7/8/2026 6:30:00 AM,Cypress Hills,New Lots,1,Musical Preschool Storytime,Story times,Yes,No,"early literacy, first five years, music, preschool storytime, storytime",Program,0.75,No,No,52,BirthToFiveYears,No,No,No,,820808,"Cypress Hills, Program Room",No,,,,,,,52,0,Cypress Hills,"No, not a one-on-one",,,,,,,0,0,0,,
Calendar of Events,English,7/8/2026 7:00:00 AM,Jamaica Bay,New Lots,1,Toddler Time,Story times,Yes,No,"storytime, toddler time",Program,0.5,No,No,26,BirthToFiveYears,No,No,No,,827598,"Jamaica Bay, Meeting Room",No,,,,,,,26,0,Jamaica Bay,"No, not a one-on-one",,,,,,,0,0,0,,
Calendar of Events,English,7/8/2026 6:15:00 AM,Macon,New Lots,1,Macon Storytime,Story times,Yes,No,"babies & books, storytime",Program,0.75,No,No,34,BirthToFiveYears,No,No,No,,819801,Macon Library,No,,Megan Delsey,,,,,34,0,Macon,"No, not a one-on-one",,,,,,,0,0,0,,
Calendar of Events,English,7/8/2026 7:15:00 AM,Macon,New Lots,1,Macon Storytime,Story times,Yes,No,"babies & books, storytime",Program,0.75,No,No,36,BirthToFiveYears,No,No,No,,819820,Macon Library,No,,Megan Delsey,,,,,36,0,Macon,"No, not a one-on-one",,,,,,,0,0,0,,
Calendar of Events,English,7/8/2026 7:00:00 AM,New Lots,New Lots,1,Storytime,Story times,Yes,No,"early literacy, first five years, preschool, storytime",Program,0.75,No,No,2,BirthToFiveYears,No,No,No,ENYR/Pinkerton,834359,New Lots Library,No,,Lea Salem,,,,,2,0,New Lots,"No, not a one-on-one",,,,,,,0,0,0,,
Calendar of Events,English,7/8/2026 6:30:00 AM,Saratoga,New Lots,1,Story Play,Story times,Yes,No,"early literacy, first five years, preschool, story play",Program,0.75,No,No,36,BirthToFiveYears,No,No,No,YFS,827338,"Saratoga, Meeting Room",No,,Donna Stover,program held on kids floor not meeting room,,,,36,0,Saratoga,"No, not a one-on-one",,,,,,,0,0,0,,
Calendar of Events,English,7/8/2026 7:00:00 AM,Stone Avenue,New Lots,1,First Five Years Storytime,Story times,Yes,No,"early literacy, first five years, preschool, storytime",Program,1,No,No,40,BirthToFiveYears,No,No,No,,830762,Stone Avenue Library,No,,Aisha Khanfri and Jessica Spears,,,,,40,0,Stone Avenue,"No, not a one-on-one",,,,,,,0,0,0,,
Calendar of Events,"English, Spanish",7/8/2026 6:30:00 AM,Sunset Park,New Utrecht,1,Big Playdate at Sunset Park Library,Games,Yes,No,"Big Brooklyn Playdate, first five years, storytime",Program,1.5,No,No,80,BirthToFiveYears,No,No,No,,830481,"Sunset Park, Multipurpose Room A",No,,Samantha Margulies,,,,Sunset Park Library,80,0,Sunset Park,"No, not a one-on-one",,,,,,,0,0,0,,
Salesforce,,7/8/2026 12:00:00 AM,Central  Learning Center,Central,1,Adult Basic Education,Adult Education,No,No,"Adult Learning, Learning Center, Small Group, ABE",Program,2,No,No,4,Adults,No,No,No,Adult Learning,,,No,,,,,,,0,0,Central  Learning Center,"No, not a one-on-one",,,,,,,,,,,
Salesforce,,7/8/2026 12:00:00 AM,Central  Learning Center,Central,1,Adult Basic Education,Adult Education,No,No,"Adult Learning, Learning Center, Small Group, ABE",Program,2,No,No,0,Adults,No,No,No,Adult Learning,,,No,,,,,,,0,0,Central  Learning Center,"No, not a one-on-one",,,,,,,,,,,
Salesforce,,7/8/2026 12:00:00 AM,Central  Learning Center,Central,1,Adult Basic Education,Adult Education,No,No,"Adult Learning, Learning Center, Small Group, ABE",Program,2,No,No,0,Adults,No,No,No,Adult Learning,,,No,,,,,,,0,0,Central  Learning Center,"No, not a one-on-one",,,,,,,,,,,
Salesforce,,7/8/2026 12:00:00 AM,Central  Learning Center,Central,1,Adult Basic Education,Adult Education,No,No,"Adult Learning, Learning Center, Small Group, ABE",Program,2,No,No,1,Adults,No,No,No,Adult Learning,,,No,,,,,,,0,0,Central  Learning Center,"No, not a one-on-one",,,,,,,,,,,
Salesforce,,7/8/2026 12:00:00 AM,Central  Learning Center,Central,1,Adult Basic Education,Adult Education,No,No,"Adult Learning, Learning Center, Small Group, ABE",Program,2,No,No,1,Adults,No,No,No,Adult Learning,,,No,,,,,,,0,0,Central  Learning Center,"No, not a one-on-one",,,,,,,,,,,
Calendar of Events,English,7/8/2026 9:00:00 AM,New Lots,New Lots,1,Crochet Circle,"Crafting, Digital Media, Making",Yes,No,"arts and crafts, crochet, knitting and crocheting",Program,2,No,No,3,Adults,No,No,No,,834365,New Lots Library,No,,Hannah Lobb and Lea Salem,,,,,3,0,New Lots,"No, not a one-on-one",,,,,,,0,0,0,,
Calendar of Events,English,7/8/2026 11:00:00 AM,Cypress Hills,New Lots,1,Adult Board Games,Games,Yes,No,"game on, table-top & board games",Program,1,No,No,3,Adults,No,No,No,,823633,Cypress Hills Library,No,,,,,,,3,0,Cypress Hills,"No, not a one-on-one",,,,,,,0,0,0,,
Calendar of Events,English,7/8/2026 6:30:00 AM,Gravesend,New Utrecht,1,Pop-Up Period Pantry in West Playground,Health & Wellness,Yes,No,"Cycle Alliance, everyone is welcome here, giveaways",Program,3,No,No,30,Adults,No,No,No,Incubator,834223,Gravesend Library,No,,Erika Spelman and Maria McGrath,,,,"Central Library, Gravesend Library",30,0,Gravesend,"No, not a one-on-one",,,,,,,0,0,0,,
Calendar of Events,English,7/8/2026 9:00:00 AM,Brooklyn Heights,Park Slope,1,Mindful Coloring for Adults and Teens,"Crafting, Digital Media, Making",Yes,No,"arts and crafts, creative aging",Program,1,No,No,3,Adults,No,No,No,,830885,"Brooklyn Heights Library, Craft Room",No,,Vicki,,,,Brooklyn Heights Library,3,0,Brooklyn Heights,"No, not a one-on-one",,,,,,,0,0,0,,
Calendar of Events,English,7/8/2026 11:30:00 AM,Adams Street,Park Slope,1,Book Concierge,Reading & Writing,Yes,No,"book discussion, bookish, summer reading",Program,1.5,No,No,7,Adults,No,No,No,,829724,Adams Street Library,No,,Katie Vermilyea,,,,,7,0,Adams Street,"No, not a one-on-one",,,,,,,0,0,0,,
Calendar of Events,English,7/8/2026 11:00:00 AM,Park Slope,Park Slope,1,Theater Workshop,Reading & Writing,Yes,No,"America 250, book discussion, performance",Program,2,No,No,10,Adults,No,No,No,,828849,"Park Slope, Auditorium",No,,Richard Omar,,,,,10,0,Park Slope,"No, not a one-on-one",,,,,,,0,0,0,,
Calendar of Events,English,7/8/2026 6:30:00 AM,"Central, Youth Wing",Central,1,Storytime,Story times,Yes,No,"early literacy, first five years, preschool, storytime",Program,0.5,No,No,100,BirthToFiveYears,No,No,No,Youth Wing,829070,"Central Library, Youth Wing",No,,,,,,,100,0,"Central, Youth Wing","No, not a one-on-one",,,,,,,0,0,0,,
Calendar of Events,English,7/8/2026 11:00:00 AM,Marcy,Crown Heights,1,Game On! for Babies and Toddlers,Games,Yes,No,"first five years, table-top & board games",Program,1,No,No,20,BirthToFiveYears,No,No,No,,833542,Marcy Library,No,,Traci Barrow,,,,,20,0,Marcy,"No, not a one-on-one",,,,,,,0,0,0,,
TeleStory,,7/8/2026 12:00:00 AM,Central,,1,TeleStory Call,Passive Programs,No,,,Outreach,,No,No,2,Adults,,,,Justice Initiatives,,,,,,,Jail/Prison,Televisit,,1,0,,"No, not a one-on-one",,,,,,,,,,,
Calendar of Events,"English, Spanish",7/8/2026 12:30:00 PM,Sunset Park,New Utrecht,1,After School Stories,Story times,Yes,No,"ADHD, autism, developmental disabilities, gardening, Inclusive Services, learning disabilities, Spanish",Program,1,No,No,14,Kids,No,No,No,Inclusive Services,817533,Sunset Park Library,No,,Henry Davis,,,,,14,0,Sunset Park,"No, not a one-on-one",,,,,,,0,0,0,,
Calendar of Events,English,7/8/2026 11:30:00 AM,Carroll Gardens,Park Slope,1,Summer at the Library: Face Painting with Elaine Messi,"Dance, Music, Movies, & Performance",Yes,No,"Events for Youth and Family, kids, summer reading",Program,1,No,No,45,Kids,No,No,No,PED,828924,Carroll Gardens Library,No,,"Elaine Messi, Nicole Gaudier-Alemany, Rebecca Kornman, Gina Kromhout",,,,,45,0,Carroll Gardens,"No, not a one-on-one",,,,,,,0,0,0,,
Calendar of Events,English,7/8/2026 11:30:00 AM,Brooklyn Heights,Park Slope,1,Game On! Board Games For Kids,Games,Yes,No,"game on, kids, table-top & board games",Program,1,No,No,23,Kids,No,No,No,,831781,"Brooklyn Heights Library, Craft Room",No,,Sharon Handler,,,,,23,0,Brooklyn Heights,"No, not a one-on-one",,,,,,,0,0,0,,
Calendar of Events,English,7/8/2026 6:30:00 AM,Brooklyn Heights,Park Slope,1,Cadman Park Storytime,Story times,Yes,No,"BPL Outdoors, first five years, live music, storytime",Program,0.5,No,No,97,Kids,No,No,No,,825195,Brooklyn Heights Library,No,,Brianna,,,,,97,0,Brooklyn Heights,"No, not a one-on-one",,,,,,,0,0,0,,
Calendar of Events,English,7/8/2026 11:30:00 AM,Brower Park,Crown Heights,1,Bad Art Club: Clay,"Crafting, Digital Media, Making",Yes,No,"arts and crafts, DIY, teen time",Program,1.5,No,No,6,Teens,No,No,No,,827874,"Brower Park Library, Community Room 1",No,,,,,,,6,0,Brower Park,"No, not a one-on-one",,,,,,,0,0,0,,
Calendar of Events,English,7/8/2026 12:00:00 PM,Greenpoint,Crown Heights,1,Teens DIY: Decorate A Water Bottle,"Crafting, Digital Media, Making",Yes,No,"DIY, summer reading, teen time",Program,1.5,No,No,7,Teens,No,No,No,,830111,"Greenpoint, Eco Lab 3 (Teens)",No,,shelda zajmi,,,,,7,0,Greenpoint,"No, not a one-on-one",,,,,,,0,0,0,,
Calendar of Events,English,7/8/2026 11:30:00 AM,Marcy,Crown Heights,1,Teen DIY,"Crafting, Digital Media, Making",Yes,No,"arts and crafts, summer reading, teen time",Program,1.5,No,No,5,Teens,No,No,No,,831089,Marcy Library,No,,K.Green,,,,,5,0,Marcy,"No, not a one-on-one",,,,,,,0,0,0,,
Calendar of Events,English,7/8/2026 11:30:00 AM,Clarendon,Flatbush,1,All Ages Gaming,Games,Yes,No,"kids tech time, teen tech time, video games",Program,1.5,No,No,15,Teens,No,No,No,,830251,"Clarendon, Meeting Room",No,,"Grace Pickering, Brian Eng",,,,,15,0,Clarendon,"No, not a one-on-one",,,,,,,0,0,0,,
Calendar of Events,English,7/8/2026 11:30:00 AM,Windsor Terrace,Flatbush,1,Teen Tech Time @ Windsor Terrace,Games,Yes,No,"teen tech time, video games",Program,1.5,No,No,4,Teens,No,No,No,,831431,"Windsor Terrace, Meeting Room",No,,MHawkins,,,,,4,0,Windsor Terrace,"No, not a one-on-one",,,,,,,0,0,0,,
Calendar of Events,English,7/8/2026 12:00:00 PM,East Flatbush,Flatbush,1,Art Workshop for Teens,Juv & YA Education,Yes,No,arts and crafts,Program,1,No,No,10,Teens,No,No,No,,834685,East Flatbush Library,No,,PED,,,,,10,0,East Flatbush,"No, not a one-on-one",,,,,,,0,0,0,,
Calendar of Events,English,7/8/2026 12:00:00 PM,East Flatbush,Flatbush,1,Glow Science Lab,Juv & YA Education,Yes,No,"science and math, teen time",Program,1,No,No,10,Teens,No,No,No,,834214,"East Flatbush, Small Conference Room",No,,Nigesti,,,,East Flatbush Library,10,0,East Flatbush,"No, not a one-on-one",,,,,,,0,0,0,,
Calendar of Events,English,7/8/2026 11:00:00 AM,Ryder,Kings Highway,1,Teens DIY: Rock Painting,"Crafting, Digital Media, Making",Yes,No,"arts and crafts, DIY, teen time",Program,1,No,No,3,Teens,No,No,No,,829286,"Ryder, Tech Center",No,,Amanda Ortega,,,,,3,0,Ryder,"No, not a one-on-one",,,,,,,0,0,0,,
Calendar of Events,English,7/8/2026 12:00:00 PM,Kings Bay,Kings Highway,1,Tech Time for all ages at the Kings Bay Library,Games,Yes,No,"kids tech time, techknowledge, teen tech time",Program,1,No,No,6,Teens,No,No,No,,831462,"Kings Bay, Meeting Room",No,,Erin Colley,,,,,6,0,Kings Bay,"No, not a one-on-one",,,,,,,0,0,0,,
Calendar of Events,English,7/8/2026 10:00:00 AM,Mapleton,Kings Highway,1,Techmobile @ Mapleton,Passive Programs,Yes,No,"BPL Outdoors, techknowledge, teen tech time",Program,2,No,No,20,Teens,No,No,No,,834486,Mapleton Library,No,,"Justin Liang, Kevser Ceteman",,,,,20,0,Mapleton,"No, not a one-on-one",,,,,,,0,0,0,,
Calendar of Events,English,7/8/2026 10:00:00 AM,Spring Creek,New Lots,1,Arts & Crafts,"Crafting, Digital Media, Making",Yes,No,arts and crafts,Program,1.5,No,No,28,Teens,No,No,No,,832209,"Spring Creek, Meeting Room",No,,Jordan Deveraux,,,,,28,0,Spring Creek,"No, not a one-on-one",,,,,,,0,0,0,,
Calendar of Events,English,7/8/2026 11:30:00 AM,Jamaica Bay,New Lots,1,Teen Tech Time,Games,Yes,No,"teen tech time, teen time, video games",Program,1.5,No,No,6,Teens,No,No,No,,829639,"Jamaica Bay, Meeting Room",No,,,,,,,6,0,Jamaica Bay,"No, not a one-on-one",,,,,,,0,0,0,,
Calendar of Events,English,7/8/2026 11:30:00 AM,New Lots,New Lots,1,Kids & Teen Time at New Hope Family Worship Center,Games,Yes,No,"after school, arts and crafts, kids, table-top & board games, teen time",Program,1,No,No,2,Teens,No,No,No,,833950,New Lots Library,No,,,,,,,2,0,New Lots,"No, not a one-on-one",,,,,,,0,0,0,,
Calendar of Events,English,7/8/2026 11:30:00 AM,Stone Avenue,New Lots,1,Teen Tech Time : Video-Games for Teens,Games,Yes,No,"teen tech time, video games",Program,1.5,No,No,11,Teens,No,No,No,"Connected Communities (NYC-CC), Tech Tools (DASNY)",830748,Stone Avenue Library,No,,KVillagomez,,,,,11,0,Stone Avenue,"No, not a one-on-one",,,,,,,0,0,0,,
Salesforce,,7/8/2026 12:00:00 AM,Central  Learning Center,Central,1,Adult Basic Education,Adult Education,No,No,"Adult Learning, Learning Center, Small Group, ABE",Program,2,No,No,2,Adults,No,No,No,Adult Learning,,,No,,,,,,,0,0,Central  Learning Center,"No, not a one-on-one",,,,,,,,,,,
Salesforce,,7/8/2026 12:00:00 AM,Eastern Parkway Learning Center,Crown Heights,1,Adult Basic Education,Adult Education,No,No,"Adult Learning, Learning Center, Small Group, ABE",Program,2,No,No,2,Adults,No,No,No,Adult Learning,,,No,,,,,,,0,0,Eastern Parkway,"No, not a one-on-one",,,,,,,,,,,
Salesforce,,7/8/2026 12:00:00 AM,Eastern Parkway Learning Center,Crown Heights,1,Adult Basic Education,Adult Education,No,No,"Adult Learning, Learning Center, Small Group, ABE",Program,2,No,No,2,Adults,No,No,No,Adult Learning,,,No,,,,,,,0,0,Eastern Parkway,"No, not a one-on-one",,,,,,,,,,,
Salesforce,,7/8/2026 12:00:00 AM,Flatbush Learning Center,Flatbush,1,Adult Basic Education,Adult Education,No,No,"Adult Learning, Learning Center, Orientation, ABE",Program,2,No,No,1,Adults,No,No,No,Adult Learning,,,No,,,,,,,0,0,Flatbush,"No, not a one-on-one",,,,,,,,,,,
Salesforce,,7/8/2026 12:00:00 AM,Flatbush Learning Center,Flatbush,1,Adult Basic Education,Adult Education,No,No,"Adult Learning, Learning Center, Small Group, ABE",Program,2,No,No,4,Adults,No,No,No,Adult Learning,,,No,,,,,,,0,0,Flatbush,"No, not a one-on-one",,,,,,,,,,,
Salesforce,,7/8/2026 12:00:00 AM,Flatbush Learning Center,Flatbush,1,Adult Basic Education,Adult Education,No,No,"Adult Learning, Learning Center, Small Group, ABE",Program,2,No,No,1,Adults,No,No,No,Adult Learning,,,No,,,,,,,0,0,Flatbush,"No, not a one-on-one",,,,,,,,,,,
Salesforce,,7/8/2026 12:00:00 AM,Flatbush Learning Center,Flatbush,1,Adult Basic Education,Adult Education,No,No,"Adult Learning, Learning Center, Small Group, ABE",Program,2,No,No,2,Adults,No,No,No,Adult Learning,,,No,,,,,,,0,0,Flatbush,"No, not a one-on-one",,,,,,,,,,,
Salesforce,,7/8/2026 12:00:00 AM,Flatbush Learning Center,Flatbush,1,Adult Basic Education,Adult Education,No,No,"Adult Learning, Learning Center, Small Group, ABE",Program,2,No,No,3,Adults,No,No,No,Adult Learning,,,No,,,,,,,0,0,Flatbush,"No, not a one-on-one",,,,,,,,,,,
Salesforce,,7/8/2026 12:00:00 AM,Flatbush Learning Center,Flatbush,1,Adult Basic Education,Adult Education,No,No,"Adult Learning, Learning Center, Independent Study, ABE",Program,2,No,No,1,Adults,No,No,No,Adult Learning,,,No,,,,,,,0,0,Flatbush,"No, not a one-on-one",,,,,,,,,,,
Salesforce,,7/8/2026 12:00:00 AM,Flatbush Learning Center,Flatbush,1,Adult Basic Education,Adult Education,No,No,"Adult Learning, Learning Center, Orientation, ABE",Program,4,No,No,2,Adults,No,No,No,Adult Learning,,,No,,,,,,,0,0,Flatbush,"No, not a one-on-one",,,,,,,,,,,
Salesforce,,7/8/2026 12:00:00 AM,New Lots Learning Center,New Lots,1,Adult Basic Education,Adult Education,No,No,"Adult Learning, Learning Center, Small Group, ABE",Program,2,No,No,2,Adults,No,No,No,Adult Learning,,,No,,,,,,,0,0,New Lots,"No, not a one-on-one",,,,,,,,,,,
Salesforce,,7/8/2026 12:00:00 AM,New Lots Learning Center,New Lots,1,Adult Basic Education,Adult Education,No,No,"Adult Learning, Learning Center, Small Group, ABE",Program,2,No,No,1,Adults,No,No,No,Adult Learning,,,No,,,,,,,0,0,New Lots,"No, not a one-on-one",,,,,,,,,,,
